"","V1","V2","V3","V4","V5","V6","V7","V8","V9","V10","V11","V12","V13","V14","V15","V16","V17","V18","V19","V20"
"1",10,26,10,24,13,14,13,12,16,14,21,33,36,50,9,21,18,11,13,45
"2",172,9,10,12,29,8,11,20,10,9,139,9,24,15,10,15,12,9,8,11
"3",62,13,13,10,11,12,14,11,14,15,27,11,90,12,11,13,32,10,13,102
"4",17,11,32,23,13,20,14,13,14,14,11,10,11,18,8,9,11,12,15,13
"5",10,13,14,11,14,NA,18,20,16,9,NA,8,9,17,NA,21,13,16,12,27
"6",41,35,15,10,10,17,17,10,17,23,13,12,12,12,15,11,20,13,15,16
"7",7,11,13,48,10,15,14,11,46,11,13,17,17,13,14,8,10,14,9,13
"8",11,30,10,10,11,22,14,11,15,30,13,11,12,15,11,17,11,16,11,11
"9",12,12,13,23,11,12,13,12,8,14,12,13,9,11,10,14,22,8,12,8
"10",10,12,12,9,19,13,10,15,10,19,10,11,12,22,11,43,30,12,10,31
"11",14,8,70,12,28,13,12,15,13,13,11,11,16,45,12,74,9,8,10,10
"12",461,12,15,13,14,9,22,430,15,15,68,10,11,11,14,14,14,11,17,15
"13",14,13,23,21,25,40,40,21,18,18,16,14,14,14,12,12,10,19,15,9
"14",14,15,15,10,19,9,15,17,13,19,9,9,21,16,18,39,11,9,40,16
"15",11,18,19,19,97,9,9,14,14,20,33,10,19,10,9,47,17,10,9,98
"16",10,9,7,12,11,13,7,12,10,8,11,28,12,8,12,10,32,20,12,12
"17",26,18,22,19,13,15,19,13,9,23,16,12,17,34,15,28,10,22,20,15
"18",8,15,19,10,8,81,31,9,14,55,15,17,15,31,19,21,82,46,11,10
"19",13,40,11,11,47,11,8,27,7,11,14,9,28,14,33,18,9,11,20,13
"20",10,22,18,12,13,NA,16,NA,22,18,9,10,19,14,21,NA,14,29,20,12
"21",9,9,12,14,14,45,13,13,47,16,11,9,13,12,14,9,18,11,9,10
"22",9,8,11,10,11,11,7,34,12,9,9,9,9,10,15,9,10,11,31,10
"23",10,15,14,16,14,7,24,8,20,11,10,9,15,9,11,25,14,10,11,10
"24",22,90,17,22,15,324,13,21,18,15,19,19,18,13,16,9,20,11,12,23
"25",33,13,14,7,17,17,11,15,13,33,13,10,9,13,12,13,10,11,11,20
"26",10,12,11,111,13,24,12,10,20,21,66,19,11,15,9,10,38,16,11,NA
"27",9,9,14,12,11,9,13,92,8,12,12,13,13,10,9,12,9,72,10,9
"28",12,7,12,12,13,14,13,12,9,9,10,10,30,26,8,13,10,11,7,8
"29",8,9,18,11,50,11,8,15,70,68,11,13,12,11,14,8,16,11,15,11
"30",12,12,12,12,37,10,11,11,13,9,8,9,9,46,13,9,7,10,7,10
"31",9,88,12,26,273,58,7,11,18,9,19,21,14,12,13,13,269,13,16,34
"32",9,20,21,14,9,13,NA,10,17,12,17,10,9,17,9,NA,7,12,11,15
"33",11,11,8,23,13,10,13,73,8,52,9,8,9,28,68,10,10,10,11,8
"34",18,20,9,12,13,15,14,8,13,11,11,16,41,13,9,57,15,11,14,18
"35",14,9,9,10,13,11,11,16,28,12,13,8,11,16,12,12,9,11,29,9
"36",13,15,11,13,13,13,11,16,10,13,8,9,15,15,28,11,9,28,12,15
"37",10,11,9,9,12,10,33,7,14,13,8,9,9,12,14,8,8,30,9,12
"38",22,8,14,52,31,13,12,49,10,17,37,15,11,9,9,17,9,11,7,8
"39",17,17,11,19,14,51,23,15,14,18,13,8,14,12,13,13,14,11,53,15
"40",8,10,9,9,10,11,8,7,7,22,8,8,8,9,9,22,10,9,10,7
"41",11,9,15,10,18,12,26,8,12,11,96,10,9,17,11,11,96,10,21,16
"42",12,11,12,9,8,16,11,21,13,17,12,12,10,13,7,13,16,14,19,27
"43",11,16,12,16,12,9,75,19,12,12,22,95,12,28,13,91,12,17,8,12
"44",17,NA,NA,12,16,7,20,10,14,29,14,14,16,9,NA,25,19,21,10,18
"45",8,11,15,9,209,20,210,9,9,17,9,22,111,9,10,10,14,12,9,10
"46",10,11,10,22,13,13,28,9,12,13,15,13,9,16,11,9,12,10,12,10
"47",9,13,15,11,19,10,11,16,15,16,15,12,49,48,33,16,10,16,17,11
"48",10,10,9,13,10,12,35,10,28,13,8,8,13,10,10,8,9,10,8,9
"49",12,11,13,8,17,13,14,100,10,10,10,43,9,14,10,43,101,26,13,79
"50",22,20,12,27,14,15,10,19,15,17,19,10,17,11,10,8,17,77,78,13
"51",10,9,11,15,15,10,14,11,13,9,11,13,14,101,98,75,13,12,14,11
"52",9,9,13,9,14,74,74,55,10,110,8,12,9,12,11,8,26,110,8,9
"53",11,12,12,9,10,13,10,15,130,18,15,104,129,11,11,11,11,13,13,9
"54",37,97,96,11,13,20,43,11,10,30,17,8,15,79,12,12,14,13,16,10
"55",15,9,16,12,16,10,12,11,11,13,10,70,14,9,179,10,17,177,14,10
"56",9,7,14,8,7,7,7,7,7,7,8,6,9,7,7,6,9,19,7,8
"57",14,17,10,73,20,13,15,8,11,30,12,16,78,16,9,26,9,10,8,13
"58",19,77,16,12,11,11,12,96,11,13,13,45,11,21,21,NA,30,13,NA,23
"59",26,16,16,123,21,18,23,26,20,8,17,24,82,15,11,122,27,9,11,16
"60",8,15,13,9,9,12,9,9,18,9,17,18,8,16,32,13,18,18,31,16
"61",16,209,21,31,59,16,16,16,12,10,205,11,16,39,18,8,40,12,17,25
"62",NA,11,15,17,18,19,15,16,17,16,426,20,20,11,63,17,20,10,18,10
"63",8,211,210,10,9,25,10,18,8,9,10,13,10,23,11,10,39,34,101,9
"64",13,62,12,20,92,22,7,12,8,21,9,11,14,18,434,16,17,7,12,13
"65",23,10,14,12,14,9,22,12,16,11,10,44,24,18,12,49,13,17,22,14
"66",12,78,12,16,8,19,17,13,12,12,464,9,75,10,11,17,21,13,12,10
"67",97,9,10,19,16,13,10,10,98,15,9,13,9,15,19,13,16,12,11,12
"68",97,9,35,13,101,10,8,18,72,18,13,7,10,29,12,18,10,10,13,11
"69",23,9,7,11,39,13,8,NA,11,9,9,9,7,NA,8,8,13,10,11,47
"70",31,11,12,11,45,12,16,16,15,12,9,9,18,11,17,16,13,9,10,12
"71",17,15,31,29,24,15,15,9,102,10,18,12,19,23,55,79,12,13,10,115
"72",10,15,18,9,42,20,12,12,37,9,14,21,10,12,11,16,17,12,19,17
"73",16,19,27,14,20,15,22,23,22,16,13,19,77,7,11,12,16,21,82,23
"74",11,19,11,15,23,10,14,13,11,14,14,10,15,75,9,7,8,11,13,84
"75",28,24,9,22,15,16,30,9,20,19,17,18,18,52,47,15,9,59,13,18
"76",13,14,13,68,11,8,14,9,43,18,7,9,9,13,11,9,12,10,7,7
"77",10,16,17,21,11,81,13,22,14,NA,16,11,11,NA,17,17,13,43,12,47
"78",12,24,24,25,99,20,16,21,13,13,16,12,16,21,15,23,119,19,11,23
"79",59,11,44,14,8,20,15,41,15,11,20,22,15,14,60,8,10,23,12,15
"80",8,NA,8,130,9,14,NA,17,14,11,14,13,14,9,9,14,14,9,23,15
"81",9,14,51,10,18,12,15,51,30,8,9,13,12,12,16,15,9,35,17,14
"82",10,16,74,55,10,10,14,17,28,19,21,13,20,64,9,16,17,26,13,18
"83",29,13,22,101,52,18,14,99,50,11,10,21,54,10,28,16,11,25,23,12
"84",15,14,66,11,125,12,8,10,18,15,9,11,11,11,10,9,8,11,104,126
"85",18,10,24,42,17,16,11,13,12,17,11,10,14,15,17,28,14,34,40,14
"86",24,19,16,14,20,13,52,11,12,14,12,13,16,20,14,9,58,17,10,12
"87",15,12,10,18,8,12,8,18,14,16,9,14,12,14,31,41,18,14,10,37
"88",18,24,22,13,12,9,73,8,48,33,13,10,12,77,11,17,8,10,12,18
"89",16,13,10,12,14,20,12,16,11,25,15,21,11,21,22,112,14,9,120,27
"90",10,75,28,11,14,9,8,80,9,9,51,13,9,11,24,15,15,9,14,14
"91",8,47,8,9,9,7,57,15,10,13,11,13,11,13,9,14,15,8,13,10
"92",23,27,11,14,14,13,36,16,10,50,26,18,26,9,84,66,13,16,19,31
"93",9,10,11,20,19,9,12,11,11,10,12,15,14,16,8,38,10,12,37,17
"94",9,12,17,50,14,7,9,13,10,86,12,12,11,10,16,18,10,12,105,48
"95",8,17,30,42,12,27,9,20,13,39,19,12,17,18,18,21,18,12,11,12
"96",12,25,20,18,12,10,49,10,10,39,12,13,12,48,17,23,32,16,16,38
"97",31,18,13,17,22,21,10,18,14,42,30,15,24,11,16,40,12,6,9,9
"98",13,25,15,11,14,11,39,10,34,11,72,63,24,8,11,9,17,9,76,50
"99",21,379,17,11,14,10,12,20,379,22,13,14,23,12,15,17,18,114,15,13
"100",32,10,14,14,22,16,92,18,83,11,14,15,14,34,15,16,15,10,11,11
"101",11,16,9,17,13,14,19,13,14,27,12,26,14,18,59,13,32,55,10,12
"102",16,13,10,15,35,11,17,18,14,10,11,14,12,16,12,10,36,15,16,12
"103",43,9,26,11,26,71,14,20,17,15,18,27,8,68,8,13,10,12,11,15
"104",24,16,27,15,10,21,13,25,13,18,8,12,54,14,25,13,20,58,12,35
"105",120,20,15,12,18,13,95,7,157,13,12,9,13,10,13,8,9,15,9,10
"106",16,17,23,9,15,12,19,19,58,13,15,17,15,15,53,19,10,13,16,15
"107",13,13,10,8,13,31,13,7,17,10,10,33,11,10,13,10,20,13,14,10
"108",13,43,18,11,11,9,15,7,15,11,54,11,193,20,16,10,13,31,19,74
"109",47,12,20,166,11,15,9,22,170,11,17,15,8,24,16,15,21,14,20,68
"110",158,14,25,19,15,23,8,15,24,12,13,19,19,128,8,58,16,164,15,16
"111",13,8,9,8,18,13,9,12,86,43,19,8,8,13,10,13,12,77,14,13
"112",11,39,9,14,10,10,13,12,12,11,14,14,9,36,10,13,13,8,11,9
"113",22,19,12,21,15,49,10,10,20,9,12,27,20,9,12,18,54,21,11,21
"114",19,11,10,6,11,28,23,11,11,34,15,10,11,15,12,10,9,12,15,8
"115",15,8,NA,9,8,18,11,12,10,46,10,13,10,14,63,10,NA,10,12,11
"116",9,14,12,16,14,11,9,12,14,13,NA,12,11,82,13,35,12,13,10,119
"117",66,20,15,25,13,19,7,12,14,67,10,9,10,19,14,17,18,21,12,12
"118",12,11,24,15,80,22,51,10,12,12,13,28,10,10,10,9,84,11,14,12
"119",8,14,10,10,39,17,21,40,9,19,10,11,29,17,8,9,14,14,18,11
"120",12,12,10,11,9,11,11,16,38,10,9,10,11,35,13,11,14,12,12,18
"121",17,9,12,93,9,14,36,11,10,98,9,17,18,16,12,12,25,20,9,15
"122",67,9,12,86,12,10,11,9,9,9,21,15,11,15,8,11,38,8,10,14
"123",8,7,28,8,32,10,57,10,27,12,9,14,8,9,14,10,60,9,7,33
"124",71,13,11,11,17,10,12,12,64,15,8,14,8,12,9,18,12,7,10,10
"125",15,83,11,9,12,8,10,9,9,9,92,13,12,10,7,10,14,13,482,15
"126",21,14,18,26,11,69,31,11,43,10,19,91,12,89,19,17,45,7,16,17
"127",15,11,15,22,9,17,19,13,9,17,11,13,12,11,13,44,10,45,24,10
"128",10,13,58,9,18,74,9,14,12,12,9,28,11,13,17,79,12,15,7,17
"129",44,24,13,9,11,26,21,10,19,9,25,16,13,39,9,13,13,26,7,13
"130",43,10,17,23,16,24,19,16,16,14,42,10,20,20,22,13,20,16,17,15
"131",9,22,8,10,13,9,9,10,9,12,11,9,10,10,10,10,10,10,23,12
"132",25,15,14,11,26,19,24,18,48,10,15,9,12,13,16,13,15,14,10,45
"133",10,13,13,14,41,11,12,9,79,22,11,21,23,13,78,35,11,23,10,14
"134",12,15,13,34,7,12,7,17,10,15,11,11,13,26,14,11,9,11,11,9
"135",24,56,78,30,69,11,15,32,12,13,11,14,26,12,14,56,9,12,35,36
"136",12,30,8,11,10,10,13,9,32,19,9,14,16,12,10,10,10,14,9,11
"137",11,10,11,13,12,12,11,12,11,13,14,11,11,12,13,31,12,30,13,12
"138",7,18,9,19,13,9,14,14,483,9,11,73,24,10,12,17,17,13,10,26
"139",11,13,17,16,35,14,10,12,22,12,18,15,13,16,15,15,42,15,16,14
"140",10,27,14,9,11,8,10,11,10,16,10,14,13,11,9,10,26,11,14,11
"141",19,18,164,163,10,19,77,11,11,9,13,11,19,22,11,24,77,13,20,13
"142",10,68,11,13,9,13,8,10,15,13,11,13,64,71,12,11,10,13,13,13
"143",13,13,12,9,19,42,8,12,12,9,12,9,14,22,8,12,12,10,9,34
"144",7,8,17,7,81,15,9,11,37,79,8,17,11,9,8,11,13,16,10,12
"145",11,11,12,12,29,9,31,44,7,15,19,21,16,28,53,20,11,15,12,21
"146",16,13,31,12,10,24,27,9,10,12,12,9,7,16,16,14,7,10,17,8
"147",10,14,18,21,10,11,14,10,8,338,12,19,10,14,10,409,11,14,15,18
"148",43,9,12,67,41,9,21,9,10,17,59,18,10,35,9,17,10,28,11,14
"149",7,14,14,6,9,9,14,8,9,10,9,11,13,11,9,10,21,10,23,12
"150",15,13,12,14,14,12,16,173,13,10,13,14,12,179,15,14,156,12,14,14
"151",13,6,7,8,10,15,63,8,10,18,24,19,16,63,10,13,7,12,10,9
"152",14,13,76,18,14,58,14,15,11,11,13,10,11,29,14,8,8,75,10,17
"153",11,9,19,10,20,10,24,11,10,10,13,12,13,19,10,9,12,10,9,10
"154",16,11,87,13,12,12,57,12,10,20,38,15,21,13,9,11,10,87,11,12
"155",51,12,77,10,9,13,10,8,12,10,15,14,12,86,12,10,15,15,47,11
"156",15,9,18,17,15,21,28,12,10,18,21,15,11,28,12,14,12,15,15,20
"157",15,14,13,16,14,15,15,13,16,56,11,16,11,53,15,11,16,14,11,17
"158",18,14,17,10,16,26,12,13,26,151,12,13,11,27,27,17,12,13,161,12
"159",16,8,419,15,8,15,12,22,10,15,16,8,14,33,11,8,11,351,9,13
"160",10,10,39,11,52,12,10,122,115,32,22,17,15,15,10,12,12,10,8,11
"161",17,11,40,15,37,11,17,14,16,12,15,12,9,17,13,15,13,9,19,13
"162",8,8,11,107,21,11,27,19,178,12,11,14,10,28,16,11,12,9,23,9
"163",10,33,11,10,10,13,10,11,11,9,10,32,10,11,11,12,12,13,12,14
"164",14,13,12,11,8,9,12,7,9,12,12,11,9,14,11,7,11,35,9,28
"165",9,86,105,10,16,105,19,9,10,18,11,11,9,19,54,14,17,18,12,78
"166",18,13,14,44,10,14,10,12,12,12,18,10,9,13,16,15,14,14,12,42
"167",22,11,12,12,15,27,12,17,15,8,16,17,14,18,16,10,8,10,28,11
"168",10,15,11,15,17,58,15,12,25,17,12,15,10,17,54,10,14,15,12,13
"169",11,33,19,12,17,19,14,14,12,10,19,11,12,13,11,10,16,18,12,34
"170",11,30,72,13,9,14,12,12,10,56,12,15,8,9,9,11,19,9,72,9
"171",39,17,92,11,28,63,13,27,18,11,9,253,24,11,10,9,10,14,54,27
"172",NA,16,8,9,NA,14,13,18,17,10,15,12,22,21,17,43,9,11,45,10
"173",13,9,14,11,14,13,12,25,10,12,11,26,9,13,12,9,14,14,13,11
"174",10,17,11,11,10,35,22,18,12,14,15,21,12,11,10,15,39,16,9,12
"175",12,13,50,27,39,10,11,13,29,18,21,14,18,11,17,9,12,47,40,16
"176",11,8,9,11,17,11,12,10,NA,23,11,12,10,10,8,NA,16,21,9,19
"177",12,12,17,127,12,11,15,14,11,13,12,12,18,131,13,14,50,35,11,12
"178",39,27,12,21,17,27,11,19,31,10,22,11,19,12,34,9,10,9,20,28
"179",14,80,14,65,19,19,10,9,15,24,11,12,79,13,17,16,10,17,18,17
"180",10,78,17,68,14,8,13,12,10,15,11,11,9,10,10,10,8,9,11,24
"181",15,13,9,11,30,39,13,9,16,17,22,8,11,16,20,15,8,10,13,9
"182",11,15,19,33,17,31,14,16,12,19,15,10,15,15,12,18,8,8,17,14
"183",13,11,22,17,38,10,11,19,20,25,21,35,12,8,9,24,15,13,14,12
"184",11,92,11,44,11,53,9,95,14,26,18,10,13,11,11,16,10,30,42,11
"185",12,11,15,65,20,18,15,19,14,8,19,14,15,32,8,12,39,26,28,9
"186",25,13,19,71,14,11,165,19,20,24,10,17,21,162,13,15,13,19,13,23
"187",13,10,12,16,14,11,203,8,32,9,208,15,15,20,11,9,42,14,10,11
"188",12,18,13,12,15,11,89,10,21,9,12,15,9,11,12,85,8,12,9,12
"189",60,10,14,12,58,12,12,11,8,13,11,13,13,13,12,9,9,12,9,10
"190",12,26,20,20,14,19,20,19,102,17,113,67,10,9,13,14,16,19,115,17
"191",8,42,10,14,34,28,10,12,15,27,12,12,44,13,23,15,21,15,10,9
"192",11,10,11,10,9,11,12,10,11,12,11,12,36,10,13,15,9,35,13,10
"193",9,13,11,18,11,11,279,14,19,18,14,10,13,192,12,267,33,13,22,16
"194",15,9,11,12,10,17,13,13,9,13,33,13,11,13,15,11,30,17,11,15
"195",17,14,47,9,10,11,73,8,10,8,12,12,11,10,9,22,35,16,66,14
"196",16,15,16,15,15,16,12,12,25,11,16,8,11,7,15,22,15,12,16,12
"197",21,12,12,12,15,20,11,17,18,19,12,20,34,19,17,10,21,21,34,14
"198",26,53,14,24,8,29,17,13,15,10,10,13,38,9,24,9,23,47,10,13
"199",15,10,15,11,31,15,17,21,44,13,14,13,14,21,48,10,10,28,19,17
"200",17,14,16,15,95,12,14,19,340,12,29,21,18,15,14,32,10,14,19,23
"201",15,26,21,10,24,41,21,22,16,11,22,12,44,9,13,10,64,16,47,60
"202",11,12,13,17,14,11,12,11,67,15,9,11,10,11,55,13,13,71,8,11
"203",17,26,26,18,21,17,32,21,16,14,12,38,12,26,39,17,15,19,13,16
"204",14,12,18,18,19,16,35,11,22,11,12,36,10,14,13,13,16,19,15,12
"205",12,17,10,12,11,14,10,13,38,39,18,26,20,15,19,20,13,12,19,12
"206",24,8,9,15,9,38,21,11,10,10,10,13,15,24,8,11,11,15,35,13
"207",56,16,11,17,10,44,8,17,15,12,7,13,17,7,17,21,10,24,15,9
"208",30,13,22,10,8,8,8,22,266,10,27,230,11,10,13,262,19,17,13,19
"209",17,10,14,21,12,7,15,34,10,10,12,19,18,13,17,21,12,13,15,32
"210",13,11,NA,42,24,21,NA,15,12,15,17,12,69,26,NA,65,12,19,29,11
"211",21,11,11,15,15,19,16,14,54,12,53,17,13,16,15,37,16,17,13,12
"212",13,14,13,13,11,9,12,12,8,10,10,12,7,13,10,12,7,30,9,30
"213",12,8,10,10,15,13,12,9,9,9,9,11,10,34,7,16,8,9,34,15
"214",7,18,256,12,18,14,8,18,13,24,9,10,12,9,16,14,403,8,19,15
"215",50,11,13,8,13,11,17,14,11,11,13,9,8,6,7,14,25,28,52,10
"216",13,11,15,11,10,14,46,16,7,18,21,12,11,38,8,9,14,16,9,9
"217",31,10,8,14,10,11,9,11,13,10,12,12,10,35,8,10,12,12,11,8
"218",12,9,13,12,15,10,12,14,18,14,20,60,8,13,18,82,84,12,20,11
"219",23,21,9,14,12,15,26,8,17,441,12,22,17,13,17,NA,20,23,10,16
"220",14,12,16,99,17,11,47,10,8,16,9,13,15,14,92,17,14,9,13,12
"221",25,14,9,8,11,14,12,15,8,13,9,12,14,13,15,29,9,10,9,14
"222",12,16,15,17,21,16,9,13,242,479,8,17,10,11,16,15,24,16,12,305
"223",34,7,20,14,35,9,13,13,12,12,14,16,441,15,437,11,40,436,44,10
"224",18,40,11,8,14,8,11,17,12,36,70,12,9,14,67,9,10,13,12,56
"225",18,15,99,14,14,9,7,16,23,20,NA,12,51,14,14,16,22,8,63,12
"226",29,15,19,15,28,11,20,24,19,14,8,28,12,19,35,22,22,13,24,30
"227",10,10,9,9,9,72,13,9,41,10,10,10,13,12,69,13,10,14,10,11
"228",16,20,22,15,12,15,14,153,10,23,17,74,154,8,14,12,20,16,14,16
"229",11,9,10,17,14,9,15,15,11,34,15,13,14,15,13,8,7,30,18,12
"230",22,11,15,14,17,20,93,19,18,20,18,16,89,11,15,11,14,72,18,10
"231",11,17,73,10,12,10,11,12,9,263,12,29,26,18,17,20,16,230,14,9
"232",12,16,12,12,13,12,32,8,11,16,13,11,12,11,9,14,16,14,34,10
"233",12,23,32,18,26,33,26,15,23,9,24,8,47,15,16,9,20,48,24,9
"234",21,9,25,12,19,14,11,11,11,22,27,35,13,14,12,25,13,11,9,36
"235",13,8,9,13,19,15,13,8,18,14,40,9,14,20,15,86,90,17,14,47
"236",19,11,48,10,9,67,10,12,10,9,10,66,8,14,14,12,10,9,12,7
"237",9,13,22,20,9,33,16,14,19,11,8,30,13,10,14,10,17,11,11,15
"238",36,14,27,31,20,12,12,19,39,16,16,10,35,31,104,15,21,101,15,11
"239",15,8,14,17,22,27,8,13,15,10,9,15,9,13,9,12,9,11,9,8
"240",19,8,9,8,10,9,7,10,10,10,10,10,7,11,10,11,9,9,21,9
"241",15,10,18,12,12,94,17,15,8,13,12,22,14,96,10,26,9,8,18,14
"242",11,14,91,6,8,45,12,23,51,10,12,8,89,11,17,26,9,8,71,28
"243",10,8,18,9,11,24,14,9,11,13,9,9,11,12,12,12,13,11,10,10
"244",19,15,14,19,126,127,22,13,14,12,13,17,20,23,19,31,19,22,13,44
"245",17,14,16,33,18,10,18,7,9,15,22,18,27,70,49,15,15,65,23,9
"246",15,8,15,12,8,11,12,20,13,8,8,18,18,27,20,24,12,7,10,17
"247",116,14,25,14,15,10,103,15,10,38,11,12,17,10,15,17,14,11,13,11
"248",14,18,25,16,70,10,10,75,18,9,11,16,51,15,29,11,18,16,34,10
"249",21,118,10,17,10,112,17,11,9,10,9,16,17,13,9,10,19,16,10,10
"250",10,17,12,16,11,13,19,12,74,8,18,9,12,13,11,17,84,12,86,13
"251",13,13,15,18,17,8,14,75,11,69,10,15,17,9,15,11,9,14,15,13
"252",11,16,12,11,8,17,35,10,11,13,19,18,12,8,12,14,38,9,11,11
"253",8,11,10,36,10,7,9,12,9,10,10,9,10,6,11,35,6,12,11,9
"254",11,17,90,33,26,61,10,10,134,12,16,18,12,185,27,184,10,11,15,25
"255",15,14,15,17,43,47,33,18,14,11,12,13,16,12,31,16,32,16,13,16
"256",11,10,12,23,11,18,14,13,25,9,12,10,12,14,13,50,8,10,22,10
"257",7,51,19,19,11,27,31,25,49,9,15,21,21,22,9,32,27,14,24,10
"258",12,9,71,11,13,10,12,10,14,13,12,17,12,14,13,10,9,13,75,10
"259",12,17,12,10,17,51,11,17,16,10,11,10,12,10,47,12,9,9,11,10
"260",24,11,19,14,14,43,32,10,18,13,12,11,15,17,13,14,17,17,11,43
"261",6,8,26,10,10,49,42,28,20,11,12,8,13,11,24,12,14,12,14,26
"262",12,17,10,19,21,10,17,12,21,61,9,15,12,18,13,12,11,13,12,56
"263",25,19,10,8,12,9,18,9,12,15,13,26,28,35,16,11,15,12,19,16
"264",14,15,33,13,14,15,14,15,15,17,16,31,14,15,18,13,13,13,14,13
"265",18,35,11,13,12,37,6,8,15,12,26,9,22,23,27,11,18,12,12,10
"266",14,13,12,15,9,28,14,15,28,10,14,10,13,14,12,8,16,14,11,12
"267",54,33,13,13,25,38,12,13,17,17,37,25,17,20,10,30,34,15,12,60
"268",56,15,13,14,20,32,18,15,21,20,11,10,13,16,12,44,59,9,11,8
"269",10,76,24,13,11,14,23,15,9,11,26,10,16,16,26,25,26,100,9,11
"270",11,11,103,10,8,185,12,10,10,8,10,9,8,184,13,11,10,9,7,9
"271",18,90,20,18,10,49,72,21,79,8,13,10,13,10,244,241,28,8,9,10
"272",31,29,16,16,14,19,19,10,20,12,12,11,13,13,13,15,13,11,19,21
"273",9,20,10,42,9,15,12,10,16,15,15,13,12,14,11,13,38,12,12,13
"274",38,9,8,11,7,15,11,11,11,13,38,13,9,12,13,11,12,10,14,14
"275",11,10,8,9,14,9,34,13,11,15,13,11,12,12,10,26,13,10,14,14
"276",9,10,15,13,15,NA,18,13,17,NA,31,9,19,25,21,NA,24,21,22,13
"277",12,12,10,13,124,8,17,10,9,12,22,12,15,13,9,13,8,16,10,118
"278",8,64,15,201,13,196,12,10,14,14,11,10,17,44,15,182,13,11,21,11
"279",14,11,14,12,11,NA,11,11,10,13,NA,18,8,11,14,14,15,16,14,13
"280",20,15,10,18,19,42,22,11,17,19,16,16,42,22,11,12,16,12,11,10
"281",11,14,19,23,10,36,20,13,14,13,10,23,16,10,20,22,34,10,16,10
"282",12,23,22,17,11,12,19,14,11,17,10,10,22,19,11,17,18,44,19,42
"283",17,13,10,20,10,10,16,17,11,20,12,20,9,17,12,22,9,16,30,7
"284",17,11,33,12,11,14,12,10,9,10,9,10,12,13,9,13,9,34,14,9
"285",19,26,10,12,18,24,9,45,24,20,15,17,17,13,14,19,47,26,14,21
"286",14,21,44,15,9,13,46,19,15,15,8,11,9,15,14,13,18,9,15,12
"287",33,9,8,10,11,17,8,19,31,19,22,9,18,22,14,12,14,17,16,16
"288",11,15,15,15,10,34,12,33,10,8,13,11,13,10,16,9,13,14,9,12
"289",8,10,10,16,14,13,21,22,83,14,81,17,18,15,9,45,17,29,20,14
"290",32,11,63,17,108,10,16,11,58,24,12,26,12,115,13,13,10,11,11,9
"291",11,13,10,26,15,8,83,20,18,14,14,216,15,11,10,11,10,9,14,224
"292",9,34,7,11,18,12,17,8,12,38,21,10,32,20,16,10,9,10,14,16
"293",60,12,10,11,83,60,16,8,11,8,21,51,17,16,14,96,8,9,10,9
"294",42,15,12,21,16,18,16,18,12,14,8,15,11,8,16,11,14,13,10,39
"295",13,14,12,19,9,42,16,63,17,9,472,10,16,22,81,13,9,11,17,12
"296",11,12,10,9,19,15,10,13,9,13,9,8,11,13,11,28,13,24,12,13
"297",8,63,13,9,17,19,9,8,6,10,54,8,12,10,64,9,12,9,15,8
"298",41,9,29,11,12,31,9,13,42,13,14,26,10,12,9,17,14,8,10,19
"299",14,11,30,14,16,12,30,15,15,12,15,9,13,12,16,12,19,174,40,151
"300",8,12,9,9,11,14,9,14,8,13,10,8,15,12,45,11,10,43,9,24
"301",19,42,13,20,22,16,13,17,14,10,10,18,12,10,48,22,16,32,23,17
"302",16,14,13,28,10,16,15,103,17,25,26,13,465,232,19,8,17,25,10,11
"303",15,18,8,27,14,14,19,10,9,9,16,11,18,10,28,10,19,18,9,10
"304",8,13,12,14,12,12,18,59,14,11,13,12,16,9,17,9,15,15,52,11
"305",14,14,65,17,17,16,21,25,40,55,12,38,19,11,13,17,16,91,93,19
"306",8,19,18,12,13,51,15,11,16,44,14,18,13,12,13,16,12,13,26,12
"307",16,14,13,19,20,10,12,33,34,13,18,18,17,15,19,8,15,9,17,11
"308",11,18,11,20,8,101,39,16,12,17,102,33,14,12,11,15,21,17,19,15
"309",18,34,74,16,10,74,38,28,21,59,9,21,16,38,16,19,11,28,20,14
"310",14,15,12,13,15,36,49,10,16,8,9,17,16,10,52,14,18,24,13,21
"311",15,161,28,8,10,18,14,12,9,12,11,10,10,10,11,13,13,209,24,11
"312",15,20,25,13,17,17,13,9,14,15,9,10,11,14,16,27,10,15,14,14
"313",17,15,21,33,38,11,15,21,14,13,20,19,12,28,16,39,17,24,16,18
"314",8,18,84,8,17,14,15,10,9,9,9,11,13,10,62,14,87,66,26,13
"315",9,10,14,24,10,11,12,9,9,9,14,14,25,11,12,15,10,13,11,10
"316",14,15,155,149,13,14,58,9,13,114,46,18,13,10,13,13,12,13,14,11
"317",11,12,12,10,6,11,33,10,12,8,12,9,11,11,11,9,9,14,27,11
"318",23,12,21,11,9,12,10,14,94,20,12,22,23,7,16,19,27,87,17,11
"319",19,18,20,18,21,20,35,17,26,11,10,21,14,11,15,20,10,21,10,13
"320",24,53,13,7,9,10,9,9,10,20,9,12,55,8,11,9,14,9,9,9
"321",8,82,13,13,11,72,11,25,12,10,53,12,11,10,20,8,10,10,10,11
"322",11,12,8,13,13,13,14,14,7,14,13,13,11,26,26,10,12,12,7,9
"323",25,26,67,12,13,10,11,13,13,11,13,60,10,12,9,15,22,8,19,13
"324",14,16,12,17,20,15,16,43,11,14,15,142,228,79,227,16,12,9,23,18
"325",12,16,16,17,12,11,12,14,15,9,15,10,13,16,11,33,17,31,8,17
"326",14,17,16,43,14,15,12,27,7,12,10,20,14,12,20,13,11,43,9,13
"327",9,9,13,14,11,9,75,13,17,10,65,72,27,12,20,9,78,18,11,14
"328",6,24,25,5,9,12,9,10,7,9,8,10,11,9,8,8,8,10,9,10
"329",14,8,16,12,14,18,11,18,12,11,10,18,9,37,18,11,9,13,15,38
"330",21,8,NA,17,19,21,14,25,NA,24,18,15,9,13,73,11,16,9,26,21
"331",18,19,14,36,8,18,10,15,20,15,18,11,35,14,9,20,18,10,9,12
"332",39,17,16,16,13,10,14,40,27,17,20,18,12,17,20,22,9,16,12,11
"333",27,157,14,13,64,10,18,131,14,7,13,13,10,10,14,9,34,17,11,13
"334",8,9,24,15,16,57,11,11,14,11,12,13,15,26,12,15,12,10,62,14
"335",14,15,11,33,16,28,17,12,11,10,15,16,15,14,8,8,12,9,14,14
"336",11,14,19,12,23,12,7,273,10,22,37,68,12,11,14,17,13,12,12,400
"337",13,9,10,31,16,15,12,16,17,18,12,13,19,12,13,16,30,14,15,14
"338",9,8,15,9,11,37,10,10,19,12,11,8,10,8,31,13,20,14,13,10
"339",19,12,11,10,10,47,11,13,9,10,9,8,11,9,13,13,11,47,9,13
"340",10,79,10,30,11,31,20,16,15,16,25,12,21,81,15,15,13,20,18,16
"341",471,19,14,8,12,13,292,17,12,19,469,13,16,9,474,13,18,14,10,21
"342",9,76,15,8,16,18,18,76,17,9,23,16,11,18,16,17,12,14,8,13
"343",12,NA,NA,11,9,32,16,13,10,11,7,11,17,7,16,17,10,12,11,14
"344",9,15,76,9,25,11,8,23,15,12,120,13,8,9,7,15,27,14,19,12
"345",19,NA,24,19,41,21,11,11,15,19,20,18,11,NA,16,9,9,10,11,35
"346",10,102,11,23,10,14,16,52,19,28,25,17,19,23,16,14,20,103,16,21
"347",8,42,11,18,12,15,19,23,15,10,17,14,17,16,8,11,13,49,11,19
"348",11,25,7,8,11,9,8,11,10,7,11,13,13,7,9,8,13,9,8,25
"349",12,83,79,14,21,14,14,13,11,9,8,14,13,11,11,8,11,14,15,30
"350",19,9,9,11,91,14,16,11,12,12,16,54,8,10,96,15,14,11,34,8
"351",19,10,19,15,19,40,14,11,12,13,15,48,10,13,13,16,12,15,13,13
"352",27,26,17,20,13,15,14,9,20,14,17,10,14,43,14,40,22,22,12,16
"353",18,12,37,10,216,11,11,9,86,7,9,8,90,17,14,8,11,10,215,12
"354",12,31,15,16,30,10,16,16,23,57,19,15,16,11,28,14,15,58,19,15
"355",125,15,16,11,11,12,20,82,13,11,13,12,18,17,77,16,126,19,15,13
"356",12,15,13,13,33,9,12,34,15,11,18,13,11,12,13,9,11,11,15,16
"357",17,64,13,10,11,9,14,97,8,15,12,86,18,19,14,7,19,13,17,6
"358",9,11,12,11,11,12,35,34,12,13,16,11,9,14,12,11,13,12,12,11
"359",59,17,9,21,12,9,86,12,66,13,134,11,17,12,19,23,18,11,12,15
"360",10,27,9,9,8,9,20,26,18,21,11,18,13,32,12,9,9,28,10,12
"361",7,28,18,8,8,28,14,12,11,11,13,10,12,15,14,12,8,10,7,11
"362",20,19,17,9,7,19,21,24,9,44,11,17,6,14,15,11,57,13,25,14
"363",11,NA,11,9,10,15,14,8,13,12,10,NA,10,11,8,9,NA,12,9,13
"364",12,10,16,26,14,16,25,47,12,11,22,91,129,9,12,10,14,20,110,10
"365",18,16,17,13,139,141,13,10,119,15,10,13,49,11,12,10,19,15,58,35
"366",12,10,10,37,7,11,8,22,9,37,24,9,23,24,10,10,9,22,9,10
"367",12,10,17,14,13,11,11,17,40,9,16,23,19,23,14,19,10,37,22,12
"368",20,12,37,17,10,17,19,17,15,9,12,11,16,14,10,15,38,12,10,19
"369",11,8,9,11,9,7,8,11,13,9,10,12,8,11,12,129,11,103,121,11
"370",8,13,13,14,12,8,16,8,12,13,8,8,12,65,9,21,10,51,9,9
"371",17,9,14,9,13,77,124,12,122,15,9,77,10,16,31,8,19,11,8,7
"372",67,13,9,12,19,16,15,10,30,76,13,13,9,26,33,32,20,9,10,14
"373",17,9,15,22,11,17,334,331,17,16,13,10,16,30,12,10,17,10,13,12
"374",9,9,39,19,8,9,7,10,14,19,11,9,14,11,17,19,12,38,7,21
"375",11,12,21,11,12,13,8,13,13,10,15,14,9,17,8,9,72,8,18,59
"376",12,20,12,12,10,13,12,11,9,9,39,19,19,11,20,9,14,18,10,38
"377",28,15,13,53,12,39,17,18,11,15,13,15,13,16,61,10,24,9,11,11
"378",17,11,25,12,14,10,22,10,22,9,18,78,60,17,71,11,15,16,11,25
"379",9,38,12,8,7,14,16,10,32,16,17,14,13,9,8,12,10,17,13,15
"380",23,18,16,17,11,24,13,102,20,116,14,13,11,14,16,10,27,20,11,12
"381",22,15,13,26,14,29,13,11,51,11,45,16,7,49,14,10,19,16,11,21
"382",12,11,13,23,13,10,14,12,7,25,11,10,9,9,8,10,11,12,10,12
"383",20,11,19,12,16,14,16,12,16,17,20,39,89,9,82,13,12,14,14,11
"384",8,9,9,13,9,11,7,12,9,12,9,32,16,14,9,11,9,32,9,10
"385",11,11,8,9,10,7,12,11,9,13,11,10,10,11,9,11,56,50,12,11
"386",11,11,42,16,10,10,10,16,11,29,9,10,60,31,9,15,16,21,22,16
"387",9,11,13,11,36,13,12,8,14,11,9,9,12,11,7,10,7,8,42,19
"388",11,12,15,16,9,9,8,7,8,8,9,9,13,67,14,8,12,70,9,16
"389",20,38,12,15,36,20,15,12,11,12,8,20,17,14,17,19,10,13,8,9
"390",13,16,77,9,8,13,13,11,15,13,75,9,9,11,13,55,9,9,10,11
"391",13,12,15,12,165,12,256,9,11,12,13,11,16,10,11,15,13,161,14,14
"392",17,13,17,9,16,10,36,32,90,81,11,14,17,14,17,10,35,26,11,10
"393",8,10,15,18,29,13,13,263,9,8,11,10,253,163,20,10,7,263,13,7
"394",15,17,12,14,79,14,12,20,15,50,75,59,12,14,11,22,13,26,31,82
"395",13,104,17,16,26,21,15,20,16,35,19,27,29,141,138,15,24,15,10,99
"396",10,13,9,11,10,9,9,118,12,13,16,16,62,12,22,20,159,13,25,17
"397",9,11,18,12,15,16,11,12,9,13,12,11,12,9,14,11,17,35,36,9
"398",13,15,11,13,17,19,8,11,11,15,24,15,NA,11,12,10,9,490,14,NA
"399",12,13,16,10,13,14,15,13,13,8,13,24,11,13,27,15,13,7,18,9
"400",10,16,17,12,16,30,11,31,15,9,9,19,11,17,10,14,12,11,13,12
"401",11,10,27,11,21,18,12,13,106,21,39,11,10,11,12,11,12,8,20,132
"402",10,12,19,15,26,9,30,13,12,13,9,9,19,17,10,11,8,11,11,16
"403",12,11,9,10,14,11,NA,19,27,9,28,30,14,12,9,15,163,11,12,16
"404",11,8,9,13,8,10,10,8,154,12,14,13,13,14,14,192,12,15,9,12
"405",NA,12,10,16,8,12,11,10,11,NA,12,11,16,NA,10,14,11,11,10,17
"406",10,11,13,10,11,11,12,12,12,13,14,14,9,9,75,60,9,12,13,11
"407",10,33,18,15,13,11,18,22,11,30,17,9,14,12,9,19,11,12,12,12
"408",17,19,50,20,13,9,24,10,16,19,16,14,8,8,25,47,26,11,8,11
"409",12,9,35,10,9,9,10,8,11,9,11,9,10,9,10,8,9,30,9,13
"410",8,9,13,9,8,62,11,7,9,15,54,10,8,17,8,16,7,8,10,8
"411",10,14,12,13,13,12,17,12,14,9,13,23,64,17,24,75,15,12,9,15
"412",18,22,18,14,15,17,355,33,12,477,18,18,82,36,59,21,11,15,12,17
"413",14,19,12,25,14,12,10,20,74,9,23,12,11,77,16,15,12,12,13,12
"414",23,11,13,9,14,18,19,13,44,17,17,43,12,14,14,12,10,18,14,15
"415",12,16,12,21,11,32,29,9,15,7,11,9,14,11,11,12,15,8,16,8
"416",19,16,9,14,31,17,30,16,14,19,19,9,18,11,16,20,16,10,20,13
"417",8,10,9,14,9,9,14,9,12,13,12,12,127,102,8,13,10,132,13,10
"418",8,12,15,7,12,32,62,32,11,8,12,11,18,7,17,11,12,8,69,21
"419",19,14,12,11,17,32,15,14,18,11,12,13,18,10,13,13,12,9,21,38
"420",12,18,16,18,10,12,200,30,18,12,17,16,8,18,141,15,181,16,27,10
"421",9,33,32,20,14,15,16,16,15,13,18,14,14,9,17,18,11,12,15,16
"422",10,11,10,7,12,9,12,10,102,13,9,8,9,11,9,12,9,120,306,11
"423",60,15,11,9,18,12,13,12,12,17,13,15,13,13,17,10,17,89,92,15
"424",19,40,15,13,9,13,14,11,11,12,26,19,15,11,12,12,13,17,17,37
"425",13,15,14,24,18,16,20,27,10,58,10,11,13,23,13,18,17,11,55,11
"426",13,16,11,20,17,60,16,15,11,20,10,19,15,13,17,8,67,15,11,9
"427",10,11,10,9,14,17,111,10,19,14,114,17,8,17,88,12,14,17,10,13
"428",10,9,13,13,10,12,9,9,11,30,12,9,12,12,10,8,29,12,9,11
"429",12,9,8,9,12,13,19,14,11,9,17,11,30,30,14,10,11,20,11,10
"430",19,24,26,227,16,13,10,219,26,15,12,12,67,15,11,11,43,24,19,15
"431",127,13,11,25,10,14,12,15,12,9,11,9,11,14,12,94,122,10,23,27
"432",9,15,13,13,11,18,17,23,75,15,8,29,17,12,78,28,14,32,10,11
"433",11,32,13,201,8,192,13,10,35,21,7,14,10,8,8,124,10,61,16,8
"434",23,11,12,11,6,15,17,9,18,22,29,10,21,15,13,21,14,7,29,13
"435",10,11,14,20,17,13,33,12,10,9,19,12,13,45,9,16,15,15,12,20
"436",17,14,139,15,14,10,11,14,12,15,11,136,23,12,116,11,10,14,9,12
"437",19,25,22,74,9,14,15,17,17,19,21,14,13,35,75,12,22,19,17,32
"438",14,12,27,13,12,11,12,8,7,27,41,14,18,14,8,13,18,10,48,14
"439",14,14,33,8,10,12,11,25,11,15,9,50,49,29,15,17,12,11,12,13
"440",37,12,11,9,15,11,33,9,10,13,22,11,11,10,9,12,10,17,8,11
"441",21,27,12,16,11,19,11,23,98,24,10,8,10,98,13,11,9,66,17,17
"442",18,9,10,15,12,14,14,10,17,15,34,14,10,9,318,11,16,36,112,12
"443",8,10,20,8,11,7,10,9,13,10,25,59,58,10,8,14,9,26,8,31
"444",9,16,15,18,16,31,15,15,15,10,17,10,13,11,13,12,17,9,10,34
"445",38,21,207,21,210,18,11,19,18,17,28,190,11,17,29,23,54,15,21,19
"446",13,13,12,14,13,15,17,13,12,29,12,12,32,11,11,11,14,8,11,20
"447",11,19,36,14,9,9,11,10,14,14,20,37,15,18,13,10,12,13,11,15
"448",13,19,22,31,14,18,19,10,13,33,12,16,22,11,21,14,9,11,15,13
"449",38,20,17,17,12,14,13,135,71,NA,10,19,14,20,9,18,12,13,18,9
"450",17,14,11,12,18,66,19,12,74,18,12,12,17,14,13,12,12,15,10,11
"451",15,16,14,14,10,10,8,16,14,29,14,7,9,30,11,9,14,15,16,10
"452",12,14,11,11,9,8,12,10,13,10,14,28,14,12,9,33,12,9,11,11
"453",11,8,108,9,13,126,12,8,19,18,11,9,36,41,9,20,16,110,15,18
"454",10,7,12,36,11,8,16,11,18,10,17,11,14,12,8,11,16,37,16,13
"455",8,11,9,18,12,21,8,13,9,9,12,14,13,10,10,66,18,8,15,58
"456",18,7,16,19,8,18,13,16,12,12,8,14,11,15,32,12,13,14,9,46
"457",15,12,13,42,8,18,35,14,13,11,15,11,12,15,12,13,16,15,21,11
"458",9,14,7,13,12,12,15,12,14,23,13,11,12,8,9,11,15,14,24,16
"459",10,11,9,16,25,12,23,14,18,10,14,17,13,9,16,11,14,8,9,14
"460",16,16,19,17,11,13,12,32,NA,16,17,18,17,13,16,474,455,15,14,11
"461",11,15,16,36,14,14,19,13,15,19,30,10,14,20,12,17,14,12,11,18
"462",14,38,11,12,12,14,40,11,17,16,15,15,10,35,15,12,11,7,15,13
"463",41,15,22,11,13,10,43,6,13,16,12,12,16,12,17,14,11,12,16,12
"464",10,10,8,35,17,13,9,11,9,15,9,14,14,18,18,18,17,34,12,13
"465",14,16,16,11,11,26,12,13,58,9,29,23,13,17,90,7,17,11,25,15
"466",20,12,28,15,18,158,18,10,51,16,11,15,46,9,10,11,14,17,14,13
"467",11,10,44,10,81,12,14,14,89,10,9,12,12,13,11,11,10,10,8,10
"468",15,12,20,18,15,16,19,27,80,11,209,13,9,10,11,66,16,13,10,205
"469",16,15,14,10,9,14,8,13,10,17,13,16,13,10,58,17,51,13,16,18
"470",7,10,8,9,8,9,9,10,9,9,21,10,8,11,10,8,7,10,10,18
"471",16,13,11,15,17,10,13,10,15,10,11,14,23,25,12,17,11,15,7,8
"472",18,10,19,16,42,10,13,10,13,15,13,12,13,14,42,17,16,15,16,15
"473",16,10,33,99,11,71,14,15,111,13,14,10,11,22,10,11,13,16,9,18
"474",16,60,16,18,18,46,10,12,15,15,16,20,11,17,17,20,13,11,10,10
"475",15,21,17,20,24,21,23,10,27,18,32,13,20,39,9,41,15,18,15,14
"476",11,8,56,14,11,17,30,14,16,14,7,12,12,12,13,12,12,12,19,60
"477",17,20,19,11,9,19,20,13,20,11,8,12,13,43,20,42,18,14,23,13
"478",16,75,16,23,11,9,30,36,16,16,11,19,20,13,75,23,14,15,36,41
"479",18,16,18,13,17,18,10,15,43,44,10,17,11,13,16,15,13,9,21,11
"480",33,10,21,15,13,13,15,19,15,24,9,9,31,15,9,9,15,7,14,13
"481",10,12,36,8,10,14,18,14,13,14,17,9,9,14,7,10,11,34,22,14
"482",9,50,7,12,NA,9,20,11,8,32,12,8,16,13,8,19,21,9,7,11
"483",18,36,77,12,18,12,13,18,17,73,15,18,21,13,63,11,22,11,7,9
"484",20,14,12,13,11,12,10,16,13,11,7,12,23,12,38,11,22,47,11,12
"485",20,11,12,14,14,9,61,11,23,59,28,23,47,27,32,12,36,11,30,17
"486",12,12,16,12,12,15,12,12,16,11,15,31,16,31,10,17,13,13,17,13
"487",11,11,206,17,14,21,21,12,12,14,12,19,17,191,119,14,19,13,51,19
"488",9,26,9,19,10,17,17,10,14,8,14,18,11,14,13,11,20,27,8,13
"489",197,26,14,13,26,14,24,12,10,192,67,21,12,26,19,23,171,8,14,18
"490",9,12,10,89,11,12,21,13,10,25,11,14,90,11,10,16,19,12,7,10
"491",16,13,10,16,15,10,15,13,19,7,14,11,19,10,10,9,16,11,29,19
"492",26,9,7,12,10,9,10,11,12,11,19,22,13,11,10,13,14,10,15,17
"493",11,10,9,20,13,25,15,24,9,18,14,35,8,24,6,14,45,16,25,12
"494",15,17,12,12,38,13,12,70,63,17,15,14,15,12,14,10,10,10,12,23
"495",16,21,19,9,10,15,19,43,12,16,17,13,6,10,17,44,19,18,9,18
"496",12,176,28,23,12,168,12,14,12,23,18,15,12,11,23,92,17,28,27,14
"497",12,19,11,11,47,11,11,11,14,42,11,10,16,11,11,13,16,15,28,13
"498",16,14,24,22,13,11,21,17,17,13,14,54,16,15,14,13,10,31,11,51
"499",15,9,11,16,14,14,21,14,14,14,9,36,16,15,10,18,35,19,17,11
"500",8,10,30,13,32,29,93,11,10,11,10,17,103,14,115,19,49,16,15,13
"501",12,17,15,12,15,15,12,12,52,15,11,16,14,18,9,8,10,46,11,11
"502",11,108,17,9,9,14,112,16,17,13,13,120,10,19,16,10,9,16,8,18
"503",19,20,11,16,64,36,9,23,40,9,16,16,14,21,16,11,10,63,15,13
"504",9,24,9,20,10,NA,7,12,NA,7,12,27,9,23,10,NA,22,10,9,14
"505",13,15,24,39,12,24,15,28,41,7,22,24,25,23,14,9,19,17,11,14
"506",11,24,35,16,19,18,11,15,85,20,9,10,24,24,87,12,32,27,33,13
"507",27,9,81,16,11,11,15,10,8,12,9,18,490,15,8,12,40,12,47,14
"508",9,28,9,11,14,13,12,8,15,16,12,15,17,13,11,12,9,8,28,10
"509",10,9,14,9,7,8,9,13,87,13,64,10,9,9,10,17,12,9,91,10
"510",10,12,56,12,9,57,11,23,18,21,18,11,10,23,20,13,10,13,11,10
"511",9,16,11,36,13,12,10,13,19,99,28,87,24,11,11,9,13,9,11,9
"512",13,7,16,9,18,15,10,34,9,9,10,8,20,10,9,10,15,10,16,36
"513",126,9,17,24,9,9,7,25,41,14,16,10,101,15,121,8,35,9,11,12
"514",10,17,13,12,51,11,19,18,23,9,13,53,29,20,18,8,11,11,20,22
"515",16,11,58,22,13,9,18,24,15,16,12,55,7,23,14,9,9,26,10,12
"516",223,14,9,14,15,19,13,223,10,15,9,12,12,11,12,12,14,208,18,15
"517",8,20,15,13,14,22,11,16,14,21,11,19,20,22,36,17,13,19,35,23
"518",81,13,10,14,12,12,9,14,75,12,20,10,8,8,17,16,12,24,12,15
"519",15,71,13,8,11,17,10,31,12,30,72,11,8,15,33,11,11,10,22,10
"520",11,13,10,13,7,12,12,25,13,14,13,13,8,10,25,12,13,10,12,12
"521",12,11,9,13,11,12,13,11,107,13,9,11,9,93,8,105,10,10,14,10
"522",9,8,8,9,10,6,9,8,9,17,9,8,7,9,9,22,8,8,8,8
"523",NA,25,55,261,17,78,20,11,13,17,10,14,10,16,8,10,11,14,16,6
"524",21,14,19,11,53,28,29,9,26,15,50,11,20,16,31,17,24,9,20,12
"525",8,11,10,10,12,9,10,10,11,12,10,12,11,12,24,11,9,13,25,12
"526",9,80,8,97,10,16,15,19,17,9,12,7,10,12,96,69,19,8,12,13
"527",36,44,19,11,12,12,12,10,17,15,21,13,50,11,12,19,10,13,12,43
"528",16,14,9,8,9,16,16,10,10,33,22,16,21,12,18,14,11,17,36,14
"529",86,103,7,23,14,13,18,14,18,17,10,15,13,17,17,13,10,12,106,10
"530",13,46,12,59,12,10,26,10,10,12,60,11,10,16,9,12,12,11,11,10
"531",10,12,12,7,12,286,12,10,8,10,11,11,12,12,8,9,10,10,7,131
"532",195,18,16,219,13,217,72,20,11,16,20,25,18,10,49,15,45,15,9,15
"533",115,11,20,290,18,21,8,18,11,9,23,13,287,10,15,20,9,20,16,8
"534",9,22,11,8,12,9,15,12,11,9,31,9,16,15,19,9,33,11,9,16
"535",13,10,8,11,10,11,10,12,29,13,8,12,11,11,13,27,13,11,10,9
"536",57,19,10,11,11,12,108,21,12,9,49,15,10,21,20,17,14,21,16,192
"537",12,20,24,9,22,24,18,13,19,13,26,14,39,24,182,48,175,18,14,15
"538",12,10,22,27,14,13,43,18,12,16,9,14,15,17,12,13,14,15,44,19
"539",10,17,44,13,16,15,14,10,13,15,12,9,11,11,8,16,46,7,9,9
"540",9,26,12,10,20,13,8,31,53,31,9,55,11,19,18,12,20,11,9,24
"541",9,13,8,10,11,9,11,13,14,12,13,15,18,15,9,11,10,11,39,40
"542",61,26,23,10,9,8,9,54,7,14,33,17,56,16,15,12,9,19,13,13
"543",16,11,51,9,24,21,8,11,10,12,10,7,50,9,12,23,9,21,12,20
"544",10,18,157,10,10,11,9,14,NA,13,53,13,10,17,10,16,10,11,151,8
"545",10,9,58,13,12,11,16,21,42,21,57,15,20,17,18,17,10,25,17,13
"546",11,8,9,9,15,12,9,25,10,8,13,9,11,15,12,11,13,14,17,9
"547",13,10,9,8,12,8,12,40,12,9,18,12,21,9,10,11,38,10,9,28
"548",14,9,9,93,13,14,11,14,9,9,NA,9,19,10,10,14,10,13,20,8
"549",11,13,18,21,9,11,14,31,7,18,18,20,9,18,21,12,20,27,17,19
"550",8,14,9,10,33,15,12,9,16,14,14,17,9,14,35,11,9,10,13,16
"551",24,16,9,19,11,94,93,10,12,15,16,9,13,16,66,13,17,21,46,17
"552",9,12,8,26,9,9,10,10,28,12,12,15,10,10,12,9,12,11,9,8
"553",9,13,38,14,9,10,12,8,29,14,13,12,12,12,13,14,11,9,14,14
"554",12,11,11,12,16,16,8,16,18,115,12,12,12,10,14,117,14,10,12,12
"555",10,13,15,9,12,204,13,10,142,11,10,8,13,17,212,12,10,10,9,12
"556",10,43,19,17,8,18,11,9,13,14,21,41,21,11,15,11,14,16,16,12
"557",13,8,10,46,15,12,16,24,53,28,17,21,21,12,15,13,9,13,15,15
"558",21,18,11,17,16,11,21,18,20,10,11,21,10,36,10,37,14,17,7,11
"559",16,13,79,18,14,12,12,10,11,15,13,82,13,10,15,12,9,50,12,12
"560",11,8,96,11,15,11,10,11,9,68,11,13,10,11,12,92,9,10,11,10
"561",15,23,96,13,12,49,23,14,16,10,16,190,179,21,16,17,11,17,9,26
"562",15,10,10,23,14,13,22,12,11,11,9,11,11,10,11,12,13,11,12,13
"563",19,18,12,13,16,18,8,9,14,10,15,51,16,11,14,12,10,51,9,19
"564",13,19,7,40,15,13,14,25,27,8,13,10,17,42,18,27,10,25,9,10
"565",10,8,13,11,9,11,10,31,8,14,14,16,14,20,59,8,64,18,10,15
"566",22,17,10,12,11,22,13,15,39,12,9,14,42,8,18,14,21,13,8,12
"567",11,16,163,19,14,13,22,13,45,37,29,19,28,184,10,42,12,10,9,11
"568",9,115,16,47,11,11,16,12,8,9,8,19,10,8,152,22,8,9,14,12
"569",18,27,18,15,26,12,15,25,45,15,22,16,20,11,39,14,31,19,24,14
"570",16,66,19,24,10,24,42,14,13,19,12,10,13,70,14,15,11,13,16,14
"571",11,25,10,12,10,10,8,11,11,27,10,12,11,9,12,11,12,11,9,8
"572",12,13,8,9,14,11,12,9,30,9,12,15,11,10,7,29,12,12,12,10
"573",11,10,18,44,14,16,25,9,13,7,13,8,15,101,10,18,101,6,19,16
"574",20,9,15,38,16,8,18,12,15,14,7,11,15,10,8,14,16,13,37,16
"575",NA,29,21,10,13,14,9,17,9,12,13,16,11,10,30,9,140,9,NA,22
"576",15,11,13,8,18,11,21,12,21,14,14,19,12,39,16,10,17,39,15,15
"577",14,10,18,65,8,9,9,14,143,15,13,13,11,13,101,13,142,13,79,17
"578",21,14,13,12,11,12,11,12,11,18,13,13,18,18,35,13,33,19,13,9
"579",13,9,14,13,77,15,9,15,18,11,16,11,10,16,12,10,14,15,81,11
"580",10,11,15,12,19,227,13,12,11,9,9,107,11,9,229,11,17,19,126,9
"581",9,8,18,7,7,9,8,18,10,8,9,9,8,8,8,8,9,9,7,9
"582",10,12,17,46,8,13,12,18,9,10,11,14,46,12,12,8,10,19,12,8
"583",11,8,19,10,18,25,24,16,18,10,NA,15,15,73,13,NA,13,20,11,12
"584",17,15,17,8,8,82,12,12,27,11,11,79,9,34,7,7,24,27,10,9
"585",9,23,10,9,12,22,10,11,9,11,11,11,9,10,8,9,9,12,10,9
"586",10,11,10,10,9,12,10,10,12,9,10,10,9,9,10,20,10,10,22,11
"587",11,11,10,29,23,9,20,10,10,24,17,37,11,12,13,16,43,15,12,18
"588",10,12,12,13,13,11,9,8,10,60,9,10,10,8,13,10,49,9,12,8
"589",36,58,23,13,9,51,31,10,13,9,35,11,19,10,10,8,13,31,33,13
"590",9,9,11,14,10,22,46,16,10,12,15,26,8,7,8,30,8,12,9,27
"591",14,10,12,23,22,13,15,14,23,15,12,70,11,11,10,8,63,10,18,12
"592",14,9,11,9,10,14,8,10,9,18,92,9,9,10,112,12,117,9,8,10
"593",51,61,10,29,9,12,15,14,13,18,13,16,9,17,8,10,18,9,8,14
"594",8,10,8,11,9,12,10,9,9,24,9,9,10,9,9,22,7,9,14,9
"595",9,88,70,32,10,30,9,31,11,10,14,11,15,14,12,9,19,12,21,96
"596",36,9,9,14,33,13,8,11,16,11,14,15,18,14,13,8,12,8,14,8
"597",9,11,17,21,10,11,21,14,12,15,8,11,102,15,19,103,13,29,11,21
"598",16,13,17,9,48,12,14,10,13,10,7,12,10,8,8,17,46,15,15,10
"599",9,11,10,9,12,9,11,11,34,12,9,13,8,57,12,11,7,8,10,56
"600",9,9,12,11,15,29,10,10,21,18,15,15,8,11,36,14,9,10,20,39
"601",13,11,11,11,13,9,9,15,7,41,19,10,18,8,13,16,23,10,10,40
"602",17,11,11,12,13,12,11,13,16,13,11,12,19,12,12,14,199,470,13,12
"603",14,11,37,12,14,34,10,14,13,14,14,13,12,9,14,13,16,12,12,9
"604",15,14,17,11,24,57,11,26,11,25,11,27,15,13,11,23,19,16,NA,22
"605",13,8,26,12,10,8,12,9,8,12,10,9,14,12,8,9,10,12,13,31
"606",10,18,15,15,10,22,59,17,60,21,18,19,14,22,11,12,12,15,13,13
"607",12,10,19,9,16,12,60,11,16,15,38,13,36,10,55,16,13,17,12,8
"608",45,37,11,12,30,22,13,24,8,28,18,17,10,9,13,87,11,80,40,12
"609",9,19,61,9,11,9,16,9,32,9,10,9,10,11,12,56,18,7,8,13
"610",13,28,23,15,46,28,14,53,12,26,28,21,28,17,15,13,30,16,13,9
"611",10,24,21,16,14,75,15,17,18,21,10,18,25,25,24,74,21,17,17,13
"612",11,16,15,34,11,9,15,15,8,9,12,15,16,12,17,14,12,34,19,11
"613",21,23,13,43,20,175,175,30,16,12,11,29,54,44,12,16,21,19,139,13
"614",10,17,10,11,13,19,12,14,12,14,24,12,29,18,12,38,12,8,35,16
"615",15,35,11,28,11,9,11,12,31,19,25,20,18,25,63,15,20,20,22,26
"616",10,9,24,8,7,10,10,10,8,9,9,9,8,10,9,11,9,10,8,26
"617",11,35,11,13,12,11,15,9,9,12,9,10,10,34,12,11,11,10,12,8
"618",19,19,13,14,23,40,17,11,14,11,23,17,22,36,12,11,14,12,8,14
"619",15,8,70,28,18,14,13,20,19,15,20,25,13,13,73,19,22,13,14,13
"620",20,9,16,20,18,18,19,14,25,15,17,15,16,12,13,11,16,19,32,9
"621",9,7,13,11,16,10,14,32,9,15,16,15,16,14,11,12,39,18,12,19
"622",16,15,20,14,13,10,80,73,19,11,14,43,10,46,14,14,20,13,19,9
"623",9,43,38,20,35,16,9,12,10,12,13,NA,12,16,13,NA,21,14,13,9
"624",95,18,20,26,21,26,14,7,33,11,11,12,15,12,16,17,8,97,307,9
"625",27,11,12,15,13,228,16,11,13,10,24,12,14,14,36,11,26,15,18,10
"626",9,9,75,17,10,12,14,39,15,16,75,16,10,13,13,12,11,11,13,11
"627",14,NA,10,33,9,23,13,61,24,10,14,8,NA,22,11,9,11,16,12,13
"628",15,17,14,13,8,9,16,22,20,121,13,27,170,23,166,11,14,20,12,13
"629",13,54,25,11,16,10,10,58,15,10,14,14,9,15,11,32,13,18,11,11
"630",16,27,10,24,42,145,12,16,9,19,12,8,159,131,17,19,13,18,21,14
"631",31,18,9,14,16,18,9,18,17,57,22,11,18,29,31,26,17,38,18,59
"632",14,97,10,9,12,13,45,16,10,99,11,53,60,20,18,16,10,44,59,43
"633",13,13,10,9,9,11,12,11,10,10,10,11,10,12,11,14,8,51,12,49
"634",17,21,12,9,15,20,11,370,21,11,398,11,388,12,12,15,20,13,19,12
"635",11,10,NA,14,9,13,14,16,23,9,17,75,16,13,16,17,23,NA,22,11
"636",19,15,12,8,11,9,10,7,116,19,14,12,9,8,12,111,13,40,8,17
"637",33,19,17,11,17,9,91,96,12,96,12,13,9,14,44,35,13,12,13,111
"638",130,32,25,16,16,12,7,79,12,8,9,128,16,10,11,9,19,91,11,13
"639",NA,75,12,13,35,NA,10,9,11,15,15,15,17,12,9,18,18,9,16,6
"640",11,20,17,16,50,20,18,11,33,12,18,51,14,14,17,17,21,22,17,15
"641",16,19,14,13,83,42,15,13,18,12,14,79,15,19,16,20,40,36,47,41
"642",49,12,10,64,12,12,10,9,8,10,11,13,10,12,11,12,13,12,10,11
"643",12,17,10,9,11,11,13,12,8,19,41,17,11,19,13,16,18,40,14,13
"644",19,38,14,12,59,11,13,14,43,12,10,19,13,11,20,7,54,15,10,15
"645",11,46,11,21,9,30,18,11,53,12,25,13,50,26,15,28,23,15,20,8
"646",13,20,56,13,29,19,114,16,14,55,113,27,11,12,31,10,12,16,16,22
"647",39,13,16,13,16,15,8,11,15,17,11,14,9,15,15,8,10,36,16,10
"648",9,9,18,34,34,10,10,14,9,14,10,10,11,13,8,12,16,14,12,10
"649",15,11,14,16,8,25,15,114,20,15,15,21,55,107,12,21,15,12,11,13
"650",13,8,11,17,14,12,14,11,17,20,22,10,14,17,56,50,9,16,11,22
"651",10,14,19,32,10,12,11,12,71,7,8,9,22,15,18,17,10,13,7,71
"652",221,8,17,15,22,224,21,14,10,13,14,9,18,17,38,19,24,204,14,18
"653",10,20,188,21,14,11,9,17,9,12,41,12,18,12,27,13,NA,12,12,11
"654",20,18,10,14,16,14,14,11,10,NA,9,15,11,39,10,16,11,10,11,NA
"655",10,15,15,10,13,17,12,12,10,15,17,11,11,9,14,11,13,40,43,13
"656",7,29,14,6,8,16,9,11,30,10,13,9,11,9,8,7,13,18,11,9
"657",21,9,50,9,79,18,86,11,19,17,12,28,19,24,22,17,19,21,16,16
"658",8,17,9,18,9,19,11,430,19,22,10,20,11,13,10,370,14,25,15,22
"659",16,9,14,18,12,14,14,13,11,NA,12,7,10,15,16,NA,16,11,18,15
"660",17,19,10,40,17,21,21,16,19,40,17,17,21,20,22,21,13,13,14,13
"661",21,15,8,44,10,8,44,18,11,16,21,8,16,10,9,26,11,20,16,23
"662",9,19,15,68,16,10,43,9,11,10,7,8,51,10,9,8,14,19,65,12
"663",23,10,14,15,9,17,15,21,39,10,8,7,19,16,9,19,11,10,16,13
"664",15,330,12,19,11,312,168,14,8,12,11,25,16,28,10,13,25,53,91,13
"665",30,17,9,24,14,25,14,11,16,10,16,7,10,13,7,20,16,10,17,9
"666",NA,15,10,10,16,7,11,NA,9,8,8,9,11,13,12,11,12,NA,14,15
"667",19,14,13,23,76,13,14,14,18,99,10,101,10,11,17,10,43,10,15,13
"668",9,NA,23,8,17,22,12,15,15,17,NA,9,23,10,11,8,32,22,NA,16
"669",10,14,13,16,12,23,11,13,10,10,12,12,10,12,13,13,9,16,38,15
"670",11,17,8,10,25,9,15,8,9,9,20,9,10,11,22,9,13,13,8,7
"671",13,12,12,41,13,17,32,11,10,15,58,9,43,12,9,11,8,12,61,12
"672",18,26,21,18,43,10,11,11,20,14,26,10,10,9,16,15,47,27,14,7
"673",10,55,30,32,21,12,11,8,15,27,12,12,17,31,16,9,10,12,11,54
"674",43,7,10,22,35,21,17,20,16,19,12,23,13,9,23,11,15,11,18,14
"675",14,15,18,17,31,17,11,17,13,27,13,22,13,11,14,14,18,16,7,14
"676",17,13,19,13,48,NA,29,21,21,14,29,14,12,20,19,NA,22,10,NA,11
"677",15,104,76,12,22,9,65,11,9,12,10,12,11,15,12,13,27,10,12,8
"678",13,19,15,28,13,12,14,16,13,30,16,16,11,13,15,8,17,16,12,15
"679",10,12,42,19,13,13,15,9,20,10,12,13,10,23,12,21,16,27,11,41
"680",11,18,73,13,11,16,10,54,19,74,16,19,17,10,17,17,9,11,10,12
"681",8,13,12,23,8,9,76,17,90,9,110,23,13,11,18,113,20,10,8,75
"682",16,26,10,10,15,10,71,12,94,12,13,15,13,15,35,11,10,19,16,20
"683",16,16,15,15,NA,10,13,16,23,15,13,NA,17,9,61,11,11,11,11,10
"684",17,13,11,20,35,31,36,16,12,12,63,14,74,18,13,74,15,14,22,21
"685",17,26,13,14,89,42,10,13,10,11,84,57,10,41,9,22,17,8,10,15
"686",12,18,14,19,10,23,23,24,15,14,NA,12,42,10,11,25,12,40,14,NA
"687",9,10,13,14,15,12,9,12,7,13,103,13,12,17,13,9,147,15,13,149
"688",13,11,32,12,15,12,20,10,8,11,60,8,36,14,12,14,11,16,12,61
"689",92,12,16,9,24,24,49,20,96,12,17,13,18,24,17,13,19,11,15,13
"690",20,18,16,18,13,21,20,51,20,13,18,16,21,13,13,17,38,13,18,20
"691",20,10,14,8,32,94,110,30,23,13,14,122,13,15,20,9,14,19,11,22
"692",13,9,14,9,13,9,8,17,12,14,9,7,14,15,13,35,11,12,29,16
"693",9,20,13,20,12,20,10,20,14,11,9,17,43,13,41,20,13,10,15,14
"694",15,29,17,13,11,13,15,11,10,14,16,14,14,12,9,11,11,12,28,14
"695",13,30,9,9,15,11,31,25,21,33,17,7,25,9,8,85,9,85,14,19
"696",216,13,20,222,12,21,18,22,21,9,13,16,13,14,46,17,11,147,8,20
"697",54,15,53,8,10,22,28,22,10,21,11,10,10,15,22,19,14,9,33,21
"698",24,10,8,17,14,18,9,52,28,84,12,102,13,9,102,8,13,10,11,17
"699",15,14,11,15,11,17,17,17,13,17,58,11,16,14,12,18,58,18,12,12
"700",9,9,13,12,22,70,22,10,45,12,11,14,33,11,70,31,9,11,39,32
"701",15,13,11,11,38,9,7,12,12,15,9,36,15,9,11,15,23,54,9,16
"702",12,15,15,12,12,12,9,11,39,15,8,9,12,9,9,8,11,14,15,36
"703",11,17,17,19,15,16,15,13,48,14,17,14,13,17,17,40,14,11,16,21
"704",15,9,10,9,12,14,11,17,72,70,13,9,15,13,14,12,12,14,10,11
"705",58,37,55,14,8,13,11,16,26,10,18,19,11,15,12,13,50,9,16,16
"706",20,20,11,22,12,19,12,18,15,41,11,14,41,9,26,11,21,8,8,25
"707",16,22,10,8,12,16,7,202,10,21,11,197,13,18,17,12,19,86,59,15
"708",7,13,24,13,26,8,55,14,10,22,29,11,20,20,13,8,11,9,57,8
"709",10,17,37,16,10,15,15,10,15,13,30,11,15,12,13,9,13,16,10,9
"710",8,12,15,23,10,9,NA,25,NA,21,12,9,8,8,9,10,10,13,35,24
"711",12,16,9,9,10,50,8,15,7,12,62,9,14,18,60,11,13,13,16,20
"712",15,12,20,15,33,44,28,26,16,15,16,10,14,14,19,23,19,15,9,16
"713",8,9,10,24,45,15,18,8,12,13,31,69,9,13,18,21,13,70,18,11
"714",188,103,16,14,180,18,13,14,14,14,13,31,16,12,12,14,12,30,14,14
"715",16,33,7,6,13,10,37,22,21,9,11,8,23,11,8,17,11,39,10,15
"716",11,10,37,14,41,63,9,9,13,10,12,63,12,11,10,8,14,15,12,15
"717",11,8,13,10,8,12,16,41,12,10,11,41,10,8,23,16,11,12,11,11
"718",36,11,13,14,8,12,10,98,11,16,11,9,14,56,9,13,30,13,17,13
"719",17,21,10,11,8,19,18,43,22,8,13,9,11,12,55,55,9,11,9,20
"720",9,21,8,10,16,18,28,15,16,11,12,28,13,13,15,12,10,16,15,10
"721",143,24,16,11,11,120,144,11,25,15,11,55,15,10,18,25,13,23,17,19
"722",155,14,29,9,29,10,25,13,20,32,12,10,13,11,10,13,29,59,25,11
"723",11,17,11,22,13,17,13,16,14,15,36,41,11,44,16,16,22,8,10,9
"724",36,11,38,8,14,15,12,12,14,12,24,10,13,9,11,13,9,12,8,9
"725",41,10,11,10,27,15,9,11,14,11,23,11,11,12,39,21,15,14,14,20
"726",9,9,9,7,19,24,39,10,11,11,11,10,15,9,14,8,10,10,38,14
"727",14,14,16,15,21,28,15,168,20,16,138,164,19,10,17,25,14,17,11,13
"728",12,12,48,16,14,19,7,22,11,11,20,49,13,8,23,17,17,11,14,18
"729",8,15,11,20,8,21,14,7,22,19,10,11,18,11,62,23,8,61,20,22
"730",30,135,10,25,7,13,9,14,29,17,13,12,10,133,14,12,25,9,15,101
"731",13,21,11,11,14,14,25,60,13,17,13,72,32,12,18,16,27,70,16,11
"732",11,8,11,8,17,52,9,16,16,18,10,8,9,14,54,18,10,9,14,16
"733",14,14,11,13,11,11,13,14,7,20,9,11,10,27,9,10,9,14,12,31
"734",13,48,12,10,49,15,9,9,11,11,15,14,12,9,10,17,13,12,11,16
"735",107,11,13,11,11,10,14,11,10,99,11,13,15,46,14,15,48,12,15,17
"736",12,19,20,15,17,19,91,11,13,37,11,14,95,16,12,7,11,11,18,78
"737",81,12,15,13,47,11,13,11,10,13,13,10,19,69,28,10,85,34,12,11
"738",11,70,14,9,35,20,14,12,12,13,9,51,14,21,11,13,14,12,15,66
"739",63,25,22,27,14,10,10,12,15,24,11,15,18,15,13,115,10,11,32,17
"740",11,8,8,12,10,33,9,15,12,34,13,18,11,13,10,12,9,14,15,11
"741",34,14,13,12,15,9,15,13,14,16,11,17,11,31,11,15,10,16,10,16
"742",16,15,17,12,9,18,11,12,13,17,11,13,13,18,14,17,32,11,17,30
"743",11,15,15,9,12,11,14,18,11,16,34,13,10,10,11,13,15,8,13,26
"744",97,8,10,13,39,46,94,19,16,11,20,14,9,16,11,11,16,14,12,19
"745",12,18,7,8,18,50,15,16,14,11,16,18,15,13,49,17,12,16,15,18
"746",11,11,8,10,14,8,14,11,8,238,9,9,9,17,10,10,11,10,10,53
"747",457,13,10,13,12,13,10,18,10,39,18,15,200,9,12,14,10,10,12,13
"748",15,14,14,12,14,30,11,NA,13,13,11,25,NA,14,11,9,13,28,36,11
"749",10,14,10,9,20,19,15,14,9,8,15,10,11,18,11,10,27,13,13,10
"750",10,9,14,25,8,14,9,12,9,39,12,22,37,12,20,12,16,20,15,14
"751",10,42,13,18,19,21,15,16,16,10,22,15,43,12,21,20,22,16,10,21
"752",14,54,16,12,23,21,16,29,28,16,15,25,54,28,13,33,15,17,21,13
"753",15,11,13,12,11,12,40,135,10,121,16,9,13,13,10,18,17,10,18,13
"754",32,12,9,10,11,16,12,9,10,13,13,19,12,13,13,15,11,9,17,22
"755",11,8,13,10,9,9,8,14,11,8,23,10,7,11,8,7,18,8,8,14
"756",154,36,12,156,10,15,12,29,21,15,9,11,10,39,10,85,17,15,9,12
"757",10,23,14,33,10,10,12,10,18,15,12,23,13,11,13,15,8,8,8,36
"758",11,10,117,11,17,132,8,15,16,18,12,9,132,11,9,15,16,12,8,10
"759",15,10,12,11,11,12,14,33,11,12,11,11,11,13,35,9,12,13,11,10
"760",10,12,9,9,9,14,10,12,10,10,8,12,10,13,7,8,15,10,36,8
"761",9,11,15,11,78,10,8,81,11,7,8,10,12,14,12,7,11,13,8,9
"762",20,16,9,57,15,12,8,15,15,27,12,22,21,9,56,10,19,8,19,11
"763",13,41,20,11,11,11,21,14,8,22,15,10,36,11,26,164,12,166,34,144
"764",9,13,11,10,11,11,8,9,10,8,8,12,9,10,11,7,10,12,26,17
"765",11,23,14,18,14,17,26,50,12,28,52,40,11,60,15,26,21,15,14,23
"766",138,11,10,15,11,15,12,17,13,15,20,9,10,20,10,12,154,14,9,10
"767",17,23,23,11,12,12,13,13,16,12,15,12,22,93,396,16,113,21,40,19
"768",12,12,27,10,12,26,13,15,11,14,13,16,10,9,14,14,12,15,10,11
"769",14,14,11,14,11,13,13,12,14,11,46,12,10,41,22,12,16,11,14,10
"770",12,11,38,11,10,44,16,25,18,11,23,20,13,11,22,8,16,9,10,18
"771",21,18,18,9,17,16,11,13,68,9,7,9,69,16,8,14,12,12,63,38
"772",7,7,9,7,8,10,7,6,7,7,7,9,9,6,9,21,18,8,9,7
"773",8,15,9,9,9,15,10,61,11,10,10,14,10,11,14,8,10,12,10,63
"774",15,16,13,13,12,13,17,9,10,10,10,17,9,39,13,14,28,11,31,9
"775",9,9,9,8,11,10,10,11,11,26,9,11,25,9,9,7,8,9,9,11
"776",12,16,12,17,7,20,77,18,32,10,10,15,13,10,18,19,10,15,11,82
"777",13,12,73,20,17,22,11,14,10,9,13,9,9,48,8,70,14,11,14,18
"778",29,13,36,19,10,10,11,10,13,12,15,7,12,37,13,10,25,18,20,18
"779",11,10,13,13,16,16,11,11,14,14,15,34,16,13,17,14,9,12,28,11
"780",9,16,12,21,212,12,64,37,21,16,214,28,15,14,13,13,14,16,10,10
"781",9,14,10,52,25,13,9,12,12,9,14,48,11,11,14,9,14,9,9,10
"782",14,14,374,14,19,146,333,14,8,11,19,10,11,7,12,15,11,11,13,12
"783",37,10,16,7,14,14,25,21,20,20,14,18,13,42,11,8,17,10,15,12
"784",40,13,14,20,9,18,27,8,12,18,32,31,16,9,11,6,15,40,19,9
"785",22,57,12,10,18,33,11,9,13,10,14,12,54,32,9,16,19,21,24,19
"786",12,9,21,11,56,10,16,26,9,54,10,12,12,10,13,10,9,11,12,10
"787",6,24,9,18,8,26,14,14,8,12,15,10,408,27,28,18,7,9,10,12
"788",17,9,11,29,11,21,108,12,35,10,15,25,107,30,19,25,15,47,10,12
"789",9,39,8,17,12,10,8,9,14,10,11,16,10,49,8,10,7,12,8,8
"790",7,11,10,11,9,12,9,20,10,10,10,7,7,10,15,9,8,10,7,11
"791",18,41,18,9,84,95,12,29,105,16,27,11,15,17,10,13,26,14,30,9
"792",9,11,12,14,16,62,28,22,10,10,31,11,13,15,10,9,14,16,11,64
"793",13,48,18,17,11,15,24,13,16,10,14,11,11,12,11,22,10,50,11,11
"794",24,45,43,13,11,16,8,14,10,17,11,25,13,10,9,11,14,12,11,14
"795",9,10,9,8,9,65,8,10,9,9,8,10,7,8,9,8,8,7,88,11
"796",17,44,35,26,18,14,25,17,14,15,21,13,32,19,14,23,43,15,39,26
"797",13,9,15,9,8,64,13,9,17,11,14,10,9,15,70,10,15,9,14,9
"798",14,9,9,8,11,98,10,111,9,9,16,13,31,27,12,10,10,15,11,119
"799",11,9,10,12,15,8,8,9,9,8,34,12,10,10,32,8,10,8,10,10
"800",22,13,24,22,38,21,14,20,36,15,21,10,12,11,10,13,18,15,10,15
"801",13,18,20,15,24,13,69,22,14,11,10,30,14,11,18,69,21,22,11,14
"802",14,12,15,37,11,11,12,8,13,15,17,16,10,40,15,14,12,13,11,12
"803",10,10,9,44,10,10,13,12,9,8,7,11,12,10,10,10,10,12,8,42
"804",14,8,66,8,34,11,11,8,10,9,19,10,71,10,13,13,13,66,9,8
"805",57,17,34,21,13,13,25,52,12,12,132,21,14,18,NA,16,NA,15,9,21
"806",9,11,22,24,13,56,8,25,16,50,13,15,18,15,8,17,12,12,14,10
"807",19,18,44,32,15,15,9,47,12,12,14,15,12,11,17,27,16,16,13,21
"808",26,10,15,22,9,29,15,27,25,12,79,14,34,14,17,18,13,77,10,14
"809",38,325,266,13,12,12,8,20,7,11,10,13,40,15,8,13,12,9,126,14
"810",16,15,86,42,17,13,18,26,18,8,33,89,10,27,23,25,12,12,14,10
"811",8,18,10,39,11,9,18,18,15,38,16,10,16,14,8,10,11,19,21,18
"812",12,10,14,41,11,10,9,10,9,14,8,41,13,10,11,10,11,10,10,11
"813",14,23,13,91,18,19,23,13,388,NA,11,24,17,18,15,15,27,24,NA,24
"814",56,33,30,17,12,10,11,22,10,40,12,9,10,13,12,10,25,12,11,59
"815",37,10,9,7,8,24,10,98,12,10,30,15,13,11,23,15,13,102,8,9
"816",9,10,12,54,9,7,18,26,11,17,13,11,11,17,18,9,15,9,49,17
"817",14,17,21,19,27,11,25,57,14,24,13,14,10,17,56,24,18,22,20,17
"818",12,9,14,11,17,35,9,14,11,19,35,18,15,11,17,18,20,16,12,11
"819",17,11,24,24,114,11,119,17,17,37,26,19,14,24,10,14,11,9,15,14
"820",23,8,14,11,14,7,10,15,9,14,12,14,9,25,8,13,8,10,16,9
"821",15,16,30,27,17,11,16,17,14,13,16,15,15,16,12,17,9,10,11,16
"822",36,10,9,12,10,12,11,12,11,38,12,16,12,9,11,16,11,8,11,12
"823",33,14,20,14,21,23,8,37,19,8,18,14,21,20,15,21,10,20,19,12
"824",17,9,14,11,10,9,367,406,26,9,11,25,13,16,17,9,8,399,9,9
"825",14,82,16,16,11,12,19,11,12,13,17,13,11,94,42,14,9,16,10,14
"826",12,147,17,137,15,9,25,14,16,25,13,20,16,14,129,26,24,18,13,18
"827",12,72,13,9,12,10,8,12,76,12,22,78,22,40,17,12,16,30,10,13
"828",316,9,176,23,12,15,14,16,13,14,10,304,16,12,10,15,13,10,25,16
"829",74,10,10,11,10,17,10,10,13,13,66,14,8,9,8,29,13,9,14,10
"830",12,19,18,9,11,13,14,14,55,11,11,11,15,19,55,16,14,15,15,15
"831",13,12,12,8,18,10,12,48,9,14,147,11,18,19,11,11,140,14,39,22
"832",13,9,28,10,8,10,9,10,8,7,10,8,8,7,30,12,8,9,8,8
"833",12,9,12,12,13,15,9,33,11,9,10,8,32,11,10,10,15,9,22,11
"834",9,9,12,13,11,10,11,31,11,18,10,10,15,15,13,9,13,17,9,17
"835",16,58,15,8,9,9,9,92,9,11,15,9,13,81,12,10,23,30,8,7
"836",19,18,38,9,13,91,12,21,10,17,12,19,93,28,52,11,12,11,18,22
"837",8,NA,13,27,8,12,18,13,8,12,44,65,47,15,10,9,11,11,12,11
"838",10,98,12,94,8,9,22,10,19,17,9,22,15,10,39,8,12,12,12,16
"839",8,8,50,50,8,12,16,14,14,8,11,18,13,20,15,24,9,25,25,14
"840",9,10,7,9,10,9,9,16,12,8,10,8,9,10,19,9,9,10,7,11
"841",10,73,36,13,12,31,10,9,17,41,15,13,10,67,8,36,12,11,60,11
"842",NA,10,11,11,13,20,13,9,15,10,11,16,NA,19,15,10,10,38,32,63
"843",11,10,12,9,21,12,14,387,7,12,11,45,9,16,17,20,390,19,10,21
"844",16,92,13,26,18,10,10,8,11,14,9,10,89,24,16,11,29,20,11,8
"845",8,12,14,11,26,7,7,8,9,27,9,9,7,8,9,12,12,11,10,8
"846",18,79,26,19,75,23,11,10,15,15,17,17,10,27,13,52,12,13,24,31
"847",19,6,20,17,10,58,10,25,9,8,10,38,68,10,9,10,35,19,11,13
"848",14,68,12,16,10,13,12,14,9,10,13,71,11,12,7,34,33,16,21,18
"849",9,11,9,11,8,69,9,17,13,70,12,8,9,20,11,20,11,15,12,59
"850",21,88,14,11,18,27,10,66,48,13,12,15,17,24,84,21,9,10,14,9
"851",9,13,14,8,25,7,12,7,12,12,10,11,10,11,9,7,13,26,8,13
"852",13,19,9,10,9,17,12,17,17,14,12,41,10,38,15,20,13,11,8,10
"853",10,18,10,13,15,16,12,17,15,18,41,17,18,14,15,16,53,13,10,12
"854",7,8,58,8,8,12,8,11,11,10,69,9,8,82,9,9,8,9,7,8
"855",17,110,16,16,13,14,14,17,14,13,14,18,93,10,12,15,14,15,18,10
"856",17,8,9,9,9,8,7,14,18,9,12,9,41,12,13,9,47,13,22,10
"857",7,9,21,87,14,9,85,9,17,11,10,20,9,20,13,64,14,15,10,16
"858",13,15,13,NA,17,121,13,17,12,NA,13,57,30,15,12,18,11,16,17,9
"859",12,12,13,10,13,10,7,10,11,11,15,17,11,9,12,10,38,14,33,12
"860",16,40,14,10,14,13,20,14,62,17,15,20,15,15,63,10,13,10,11,19
"861",18,14,21,9,11,249,15,8,10,11,10,220,10,12,14,19,19,15,19,8
"862",12,13,45,10,12,14,10,17,16,21,14,37,9,10,10,11,12,15,88,86
"863",21,16,27,20,12,22,70,13,17,16,11,13,18,14,58,14,15,10,12,16
"864",44,16,33,26,16,31,20,22,20,56,11,24,66,27,21,9,12,9,16,19
"865",24,10,18,19,14,21,12,57,55,13,16,26,12,15,17,14,28,14,11,16
"866",22,50,21,324,374,13,14,13,9,9,16,12,11,24,14,38,15,10,12,11
"867",11,10,26,13,11,11,9,12,54,10,34,14,15,23,8,10,9,56,8,14
"868",13,83,13,10,13,8,15,14,12,10,24,17,12,25,11,85,10,27,11,11
"869",10,12,12,8,12,9,9,12,11,12,13,9,25,11,10,12,26,9,12,8
"870",8,23,21,17,9,41,23,17,15,18,18,16,13,12,11,13,21,38,14,9
"871",8,86,12,10,9,12,13,11,10,11,75,84,11,7,8,12,12,9,10,9
"872",12,12,10,20,11,15,12,10,37,13,13,15,9,21,9,46,14,48,14,11
"873",16,14,16,10,13,10,11,9,11,19,12,27,11,10,55,12,14,18,10,56
"874",30,20,15,14,9,69,12,22,15,14,100,16,15,100,11,15,12,25,21,12
"875",22,29,64,15,14,11,14,17,24,19,14,21,14,16,17,15,18,14,22,64
"876",15,21,66,29,15,16,19,17,68,11,13,19,9,19,24,10,10,11,13,11
"877",18,13,19,13,89,15,88,14,17,15,8,14,13,9,37,9,19,11,47,34
"878",17,18,13,15,8,42,15,17,9,14,18,9,13,15,15,13,9,35,10,11
"879",22,22,9,22,19,9,17,12,27,10,10,11,12,22,49,26,17,43,9,22
"880",395,8,12,61,13,9,16,22,26,13,18,447,10,16,16,25,439,11,16,14
"881",12,13,28,10,10,12,9,10,12,13,12,12,13,10,10,13,13,24,10,9
"882",9,14,16,31,22,61,8,14,29,13,18,29,26,63,13,22,10,24,13,15
"883",37,32,11,10,11,60,16,12,11,12,9,9,13,14,61,11,12,14,8,14
"884",12,13,16,13,16,13,40,11,11,17,10,17,11,40,12,17,11,11,14,15
"885",13,15,25,8,9,17,15,14,10,27,15,14,138,9,133,10,22,10,13,78
"886",15,9,15,40,59,9,27,11,38,14,39,11,16,20,59,16,12,14,13,40
"887",13,13,10,17,10,19,24,14,21,35,70,72,82,22,23,18,19,11,85,21
"888",17,17,37,12,18,15,22,37,20,57,15,16,13,13,31,22,9,58,12,16
"889",18,138,14,30,28,12,126,11,14,11,11,14,11,11,11,10,113,14,7,13
"890",20,11,14,30,15,117,10,13,34,31,13,14,27,22,13,83,17,16,50,130
"891",20,28,17,7,13,16,10,18,14,16,11,7,11,10,7,9,19,18,38,10
"892",27,10,13,16,11,13,10,10,39,53,14,14,17,12,16,57,14,15,8,11
"893",96,11,10,98,10,10,65,12,10,45,14,11,8,11,14,23,35,13,10,10
"894",12,11,11,13,10,80,18,13,8,33,33,13,25,12,20,78,11,50,8,19
"895",24,10,38,23,19,36,17,11,8,11,17,15,10,14,10,25,24,13,10,24
"896",17,15,110,52,17,20,11,17,13,20,16,15,11,13,13,25,18,11,106,42
"897",18,12,10,20,10,21,15,26,24,32,13,20,11,18,9,33,9,11,17,19
"898",11,43,22,12,13,43,16,11,11,11,17,10,17,16,8,16,10,9,15,12
"899",51,24,54,22,13,16,13,17,16,14,17,16,17,12,21,15,16,18,23,26
"900",9,8,13,11,214,10,15,11,9,9,10,198,14,28,8,9,12,9,13,11
"901",12,32,11,11,9,93,10,10,16,12,13,14,18,17,56,13,102,11,11,17
"902",13,19,14,8,10,8,16,9,11,34,10,13,51,33,16,19,48,8,15,35
"903",8,17,18,64,85,16,9,20,9,10,20,90,15,9,9,7,17,8,9,13
"904",10,13,9,11,13,14,11,10,12,11,19,12,12,11,10,12,11,12,22,10
"905",17,22,23,13,52,10,21,18,17,21,15,13,20,13,312,20,21,101,23,14
"906",261,14,16,10,11,17,15,9,15,10,11,11,NA,23,15,11,370,9,NA,10
"907",10,9,13,16,11,15,13,14,12,13,13,11,12,12,12,58,13,50,11,10
"908",12,14,29,12,11,11,9,11,28,11,11,10,10,15,9,13,17,8,13,11
"909",22,12,292,12,11,31,214,288,13,18,15,13,11,13,10,26,14,170,18,13
"910",13,42,16,10,11,16,23,11,9,17,40,22,12,23,9,9,14,10,21,14
"911",106,9,14,9,12,107,14,13,25,11,9,14,10,13,7,9,94,12,15,7
"912",21,27,10,32,32,33,20,13,22,12,24,13,25,33,46,26,50,15,20,21
"913",15,98,16,12,150,9,463,19,11,13,14,9,473,17,11,10,475,9,13,11
"914",8,68,7,79,51,16,19,8,9,14,79,11,16,9,13,13,16,19,9,12
"915",14,10,43,13,9,10,12,11,11,16,12,10,21,14,14,12,8,11,10,46
"916",17,14,13,15,21,43,17,17,21,29,30,11,13,16,17,13,13,21,11,14
"917",13,13,12,11,12,10,17,21,38,13,9,14,13,18,17,21,51,14,35,49
"918",16,12,17,10,121,10,16,12,8,17,23,20,18,12,14,15,10,15,14,111
"919",9,10,12,13,14,12,15,32,18,33,15,15,11,13,10,13,13,14,22,11
"920",14,48,16,12,63,14,11,15,9,59,29,12,10,22,9,19,33,11,22,24
"921",30,12,10,27,10,13,13,12,12,10,9,12,11,9,12,9,10,12,12,9
"922",13,22,9,16,12,12,9,12,9,16,31,10,20,11,19,20,11,18,11,33
"923",10,11,15,27,18,18,10,19,18,21,25,19,14,17,11,19,9,20,10,32
"924",12,7,9,9,29,9,16,10,19,11,8,10,8,13,12,10,12,9,13,12
"925",10,25,13,13,17,17,10,14,12,12,23,23,21,15,38,37,14,19,16,23
"926",17,41,55,11,13,11,12,64,62,9,22,15,27,75,12,12,8,28,15,25
"927",7,18,33,27,16,13,NA,18,10,28,10,69,NA,14,16,19,10,10,12,116
"928",8,16,18,52,13,18,15,16,13,12,9,11,7,47,19,12,21,9,12,13
"929",12,13,9,23,10,42,9,15,11,18,8,7,10,17,23,42,17,26,14,11
"930",13,13,12,16,15,17,18,67,15,21,17,22,32,19,19,72,22,42,11,14
"931",10,10,11,11,60,25,14,12,62,19,19,14,8,44,8,17,18,19,13,13
"932",19,37,12,66,16,14,46,14,65,20,10,16,15,19,16,15,14,23,13,19
"933",11,36,10,11,386,11,16,16,19,17,396,11,47,40,394,13,72,14,11,10
"934",10,13,13,11,10,13,13,27,11,11,11,16,10,15,32,14,7,37,13,12
"935",7,12,8,10,20,43,17,22,12,14,14,21,10,14,15,9,41,8,12,12
"936",11,8,11,9,11,31,10,11,19,8,10,16,7,9,11,11,33,16,18,13
"937",15,24,11,16,62,22,13,39,10,11,20,18,15,11,15,64,35,13,21,21
"938",16,16,19,16,18,45,19,10,10,14,15,9,15,8,15,11,57,34,33,9
"939",16,8,12,10,8,11,13,10,9,8,7,13,10,52,17,10,11,13,71,9
"940",10,15,11,12,48,10,10,13,14,12,11,10,19,13,13,43,10,27,12,19
"941",19,13,12,10,14,18,14,10,28,12,12,16,10,12,10,13,12,21,25,10
"942",9,9,6,8,8,19,7,9,8,7,7,7,7,8,8,19,8,8,6,9
"943",83,8,15,11,17,12,22,22,10,83,19,32,11,14,15,16,37,46,16,12
"944",9,8,9,39,7,12,12,10,43,14,10,11,9,10,7,10,9,10,13,16
"945",8,16,9,17,37,23,12,10,15,12,11,40,15,45,13,15,17,27,50,13
"946",47,13,12,28,22,11,14,13,13,48,22,20,22,22,18,21,13,23,36,11
"947",46,10,21,11,9,12,8,20,13,13,7,10,24,14,45,15,25,10,12,9
"948",9,29,12,11,14,16,13,11,11,12,12,10,12,12,11,9,28,7,11,8
"949",9,11,166,13,18,8,8,138,10,18,8,10,11,7,159,167,8,9,9,14
"950",32,11,32,10,11,13,10,10,10,11,10,13,13,10,10,9,9,9,8,9
"951",157,22,14,10,10,9,11,12,20,17,9,21,15,62,24,22,10,155,13,22
"952",39,21,18,23,13,9,15,13,18,11,11,24,12,15,20,18,13,10,41,11
"953",10,12,15,13,14,11,9,57,11,17,14,12,17,16,14,16,14,9,13,NA
"954",45,7,15,9,9,14,17,10,18,12,11,16,16,14,10,34,12,15,10,12
"955",8,57,11,9,7,8,17,11,16,8,47,8,12,10,10,18,9,11,11,8
"956",10,6,13,22,7,17,20,7,58,14,18,11,13,26,NA,20,13,NA,110,20
"957",14,159,23,14,11,10,25,12,18,15,10,59,16,12,22,11,29,11,160,11
"958",13,21,81,15,18,8,9,10,84,10,9,12,12,19,30,11,16,11,11,19
"959",18,11,12,11,25,12,10,31,61,29,16,12,18,22,10,14,15,10,60,11
"960",7,11,10,15,10,16,10,15,9,13,18,19,8,17,10,17,16,39,15,39
"961",12,319,17,24,13,15,24,368,20,21,30,8,17,14,22,12,11,324,25,20
"962",11,19,24,9,8,17,14,14,8,8,64,27,11,19,14,10,65,23,26,24
"963",19,10,9,18,10,14,16,15,12,68,12,11,14,12,16,15,13,72,14,18
"964",10,24,10,22,20,19,21,44,16,11,87,27,17,12,89,13,10,12,40,16
"965",57,12,60,19,23,11,24,9,10,13,17,14,11,10,14,10,13,21,9,12
"966",10,15,15,14,19,13,17,12,21,12,15,12,9,158,27,116,9,15,13,162
"967",12,8,16,23,13,8,9,42,12,10,13,12,12,11,14,17,9,45,11,8
"968",11,11,10,8,15,10,10,10,11,26,7,7,10,11,9,16,29,11,9,9
"969",13,20,18,12,23,17,10,21,48,35,16,55,15,20,10,10,15,21,20,13
"970",12,13,13,17,11,16,16,16,10,16,14,15,67,25,18,82,20,88,15,16
"971",64,16,11,12,26,15,52,15,10,12,10,19,30,10,12,27,9,15,10,14
"972",13,49,49,13,22,9,15,36,9,34,34,23,9,12,18,13,10,29,13,12
"973",21,8,18,17,52,86,16,12,12,17,12,12,22,12,17,9,11,18,83,15
"974",9,13,14,9,16,13,36,19,14,52,83,60,14,13,10,14,42,25,12,12
"975",14,13,17,15,11,10,9,62,16,55,10,14,19,11,9,13,57,7,15,18
"976",10,10,9,8,8,9,11,11,26,12,11,8,25,11,10,11,11,10,12,12
"977",20,15,8,23,17,18,14,15,21,21,10,13,9,386,11,11,10,22,8,13
"978",11,18,14,20,12,10,14,21,10,9,31,11,17,8,8,9,13,8,16,16
"979",15,9,15,15,8,8,11,13,17,12,9,14,13,9,34,9,8,11,10,33
"980",18,19,13,37,16,12,22,32,181,12,17,12,10,11,188,20,24,18,11,12
"981",12,15,57,12,13,19,23,15,15,14,17,14,16,12,14,56,16,16,17,14
"982",13,17,15,14,18,19,21,14,9,30,12,14,22,15,14,18,15,34,9,17
"983",8,148,12,152,10,10,12,10,8,13,215,11,11,9,9,9,13,18,11,215
"984",18,12,16,21,21,11,9,9,22,20,11,17,97,11,88,95,16,11,10,47
"985",8,15,34,12,11,33,9,15,15,17,10,11,11,6,10,15,11,8,10,16
"986",24,7,8,7,19,22,33,12,13,18,11,15,20,24,19,10,8,11,10,30
"987",25,19,31,14,13,29,17,11,16,60,10,60,13,36,15,14,10,17,9,24
"988",12,13,9,11,9,14,10,11,57,11,13,49,13,9,13,24,60,11,15,22
"989",7,52,12,18,34,14,13,18,14,11,8,21,11,9,12,16,51,10,12,16
"990",11,27,10,10,8,12,8,8,10,11,9,7,13,10,26,9,10,7,8,11
"991",11,11,15,12,26,13,11,12,9,13,11,16,15,10,27,12,15,12,15,13
"992",13,9,17,17,10,10,10,13,8,11,9,13,14,9,9,10,12,41,40,10
"993",12,99,95,11,13,82,9,11,10,8,13,12,12,11,15,11,10,10,13,9
"994",11,7,11,8,10,8,10,10,9,8,17,34,15,13,11,11,32,8,12,19
"995",22,65,27,13,17,20,14,22,61,17,11,12,22,27,16,14,16,15,11,15
"996",7,22,10,15,9,10,15,14,14,16,10,13,32,14,11,12,9,12,9,16
"997",7,13,26,17,10,59,14,22,25,20,12,59,15,12,10,20,20,9,13,35
"998",18,10,10,20,46,10,9,96,12,16,88,13,11,13,8,19,10,20,9,14
"999",25,15,13,13,14,14,17,14,13,12,13,54,12,8,61,14,56,12,22,15
"1000",16,27,27,12,8,14,12,10,11,9,13,12,11,13,13,12,12,11,11,10
